Social Category,Age of Death (years)
Aristocracy,21
Aristocracy,21
Aristocracy,21
Aristocracy,21
Aristocracy,21
Aristocracy,21
Aristocracy,21
Aristocracy,22
Aristocracy,22
Aristocracy,22
Aristocracy,22
Aristocracy,22
Aristocracy,22
Aristocracy,22
Aristocracy,22
Aristocracy,23
Aristocracy,23
Aristocracy,23
Aristocracy,23
Aristocracy,23
Aristocracy,23
Aristocracy,23
Aristocracy,23
Aristocracy,23
Aristocracy,23
Aristocracy,23
Aristocracy,23
Aristocracy,23
Aristocracy,23
Aristocracy,23
Aristocracy,23
Aristocracy,23
Aristocracy,23
Aristocracy,23
Aristocracy,24
Aristocracy,24
Aristocracy,24
Aristocracy,24
Aristocracy,24
Aristocracy,24
Aristocracy,24
Aristocracy,24
Aristocracy,24
Aristocracy,24
Aristocracy,24
Aristocracy,24
Aristocracy,24
Aristocracy,24
Aristocracy,24
Aristocracy,24
Aristocracy,24
Aristocracy,24
Aristocracy,24
Aristocracy,24
Aristocracy,24
Aristocracy,25
Aristocracy,25
Aristocracy,25
Aristocracy,25
Aristocracy,25
Aristocracy,25
Aristocracy,25
Aristocracy,25
Aristocracy,25
Aristocracy,25
Aristocracy,25
Aristocracy,25
Aristocracy,26
Aristocracy,26
Aristocracy,26
Aristocracy,26
Aristocracy,26
Aristocracy,26
Aristocracy,26
Aristocracy,26
Aristocracy,26
Aristocracy,26
Aristocracy,26
Aristocracy,26
Aristocracy,27
Aristocracy,27
Aristocracy,27
Aristocracy,27
Aristocracy,27
Aristocracy,27
Aristocracy,27
Aristocracy,27
Aristocracy,27
Aristocracy,27
Aristocracy,27
Aristocracy,27
Aristocracy,27
Aristocracy,27
Aristocracy,27
Aristocracy,28
Aristocracy,28
Aristocracy,28
Aristocracy,28
Aristocracy,28
Aristocracy,28
Aristocracy,28
Aristocracy,28
Aristocracy,28
Aristocracy,28
Aristocracy,28
Aristocracy,28
Aristocracy,28
Aristocracy,28
Aristocracy,28
Aristocracy,28
Aristocracy,28
Aristocracy,28
Aristocracy,29
Aristocracy,29
Aristocracy,29
Aristocracy,29
Aristocracy,29
Aristocracy,29
Aristocracy,29
Aristocracy,29
Aristocracy,29
Aristocracy,29
Aristocracy,29
Aristocracy,29
Aristocracy,29
Aristocracy,29
Aristocracy,29
Aristocracy,29
Aristocracy,29
Aristocracy,29
Aristocracy,29
Aristocracy,29
Aristocracy,29
Aristocracy,29
Aristocracy,29
Aristocracy,30
Aristocracy,30
Aristocracy,30
Aristocracy,30
Aristocracy,30
Aristocracy,30
Aristocracy,30
Aristocracy,30
Aristocracy,30
Aristocracy,30
Aristocracy,30
Aristocracy,30
Aristocracy,30
Aristocracy,30
Aristocracy,30
Aristocracy,30
Aristocracy,30
Aristocracy,31
Aristocracy,31
Aristocracy,31
Aristocracy,31
Aristocracy,31
Aristocracy,31
Aristocracy,31
Aristocracy,31
Aristocracy,31
Aristocracy,31
Aristocracy,31
Aristocracy,31
Aristocracy,31
Aristocracy,31
Aristocracy,31
Aristocracy,31
Aristocracy,31
Aristocracy,31
Aristocracy,32
Aristocracy,32
Aristocracy,32
Aristocracy,32
Aristocracy,32
Aristocracy,32
Aristocracy,32
Aristocracy,32
Aristocracy,32
Aristocracy,32
Aristocracy,32
Aristocracy,32
Aristocracy,32
Aristocracy,32
Aristocracy,32
Aristocracy,32
Aristocracy,32
Aristocracy,32
Aristocracy,32
Aristocracy,33
Aristocracy,33
Aristocracy,33
Aristocracy,33
Aristocracy,33
Aristocracy,33
Aristocracy,33
Aristocracy,33
Aristocracy,33
Aristocracy,33
Aristocracy,33
Aristocracy,33
Aristocracy,33
Aristocracy,33
Aristocracy,33
Aristocracy,33
Aristocracy,33
Aristocracy,33
Aristocracy,33
Aristocracy,33
Aristocracy,33
Aristocracy,33
Aristocracy,33
Aristocracy,33
Aristocracy,33
Aristocracy,33
Aristocracy,34
Aristocracy,34
Aristocracy,34
Aristocracy,34
Aristocracy,34
Aristocracy,34
Aristocracy,34
Aristocracy,34
Aristocracy,34
Aristocracy,34
Aristocracy,34
Aristocracy,34
Aristocracy,34
Aristocracy,34
Aristocracy,34
Aristocracy,34
Aristocracy,35
Aristocracy,35
Aristocracy,35
Aristocracy,35
Aristocracy,35
Aristocracy,35
Aristocracy,35
Aristocracy,35
Aristocracy,35
Aristocracy,35
Aristocracy,35
Aristocracy,35
Aristocracy,35
Aristocracy,35
Aristocracy,35
Aristocracy,35
Aristocracy,35
Aristocracy,35
Aristocracy,35
Aristocracy,35
Aristocracy,36
Aristocracy,36
Aristocracy,36
Aristocracy,36
Aristocracy,36
Aristocracy,36
Aristocracy,36
Aristocracy,36
Aristocracy,36
Aristocracy,36
Aristocracy,36
Aristocracy,36
Aristocracy,36
Aristocracy,36
Aristocracy,36
Aristocracy,36
Aristocracy,36
Aristocracy,37
Aristocracy,37
Aristocracy,37
Aristocracy,37
Aristocracy,37
Aristocracy,37
Aristocracy,37
Aristocracy,37
Aristocracy,37
Aristocracy,37
Aristocracy,37
Aristocracy,37
Aristocracy,37
Aristocracy,37
Aristocracy,37
Aristocracy,37
Aristocracy,37
Aristocracy,37
Aristocracy,37
Aristocracy,38
Aristocracy,38
Aristocracy,38
Aristocracy,38
Aristocracy,38
Aristocracy,38
Aristocracy,38
Aristocracy,38
Aristocracy,38
Aristocracy,38
Aristocracy,38
Aristocracy,38
Aristocracy,38
Aristocracy,38
Aristocracy,38
Aristocracy,38
Aristocracy,38
Aristocracy,38
Aristocracy,38
Aristocracy,38
Aristocracy,38
Aristocracy,38
Aristocracy,38
Aristocracy,38
Aristocracy,38
Aristocracy,38
Aristocracy,38
Aristocracy,39
Aristocracy,39
Aristocracy,39
Aristocracy,39
Aristocracy,39
Aristocracy,39
Aristocracy,39
Aristocracy,39
Aristocracy,39
Aristocracy,39
Aristocracy,39
Aristocracy,39
Aristocracy,39
Aristocracy,39
Aristocracy,39
Aristocracy,39
Aristocracy,39
Aristocracy,39
Aristocracy,39
Aristocracy,39
Aristocracy,39
Aristocracy,39
Aristocracy,39
Aristocracy,39
Aristocracy,39
Aristocracy,39
Aristocracy,39
Aristocracy,39
Aristocracy,39
Aristocracy,40
Aristocracy,40
Aristocracy,40
Aristocracy,40
Aristocracy,40
Aristocracy,40
Aristocracy,40
Aristocracy,40
Aristocracy,40
Aristocracy,40
Aristocracy,40
Aristocracy,40
Aristocracy,40
Aristocracy,40
Aristocracy,40
Aristocracy,41
Aristocracy,41
Aristocracy,41
Aristocracy,41
Aristocracy,41
Aristocracy,41
Aristocracy,41
Aristocracy,41
Aristocracy,41
Aristocracy,41
Aristocracy,41
Aristocracy,41
Aristocracy,41
Aristocracy,41
Aristocracy,41
Aristocracy,41
Aristocracy,41
Aristocracy,42
Aristocracy,42
Aristocracy,42
Aristocracy,42
Aristocracy,42
Aristocracy,42
Aristocracy,42
Aristocracy,42
Aristocracy,42
Aristocracy,42
Aristocracy,42
Aristocracy,42
Aristocracy,42
Aristocracy,42
Aristocracy,42
Aristocracy,42
Aristocracy,42
Aristocracy,42
Aristocracy,42
Aristocracy,42
Aristocracy,42
Aristocracy,42
Aristocracy,42
Aristocracy,42
Aristocracy,42
Aristocracy,42
Aristocracy,42
Aristocracy,42
Aristocracy,42
Aristocracy,42
Aristocracy,42
Aristocracy,42
Aristocracy,42
Aristocracy,42
Aristocracy,42
Aristocracy,43
Aristocracy,43
Aristocracy,43
Aristocracy,43
Aristocracy,43
Aristocracy,43
Aristocracy,43
Aristocracy,43
Aristocracy,43
Aristocracy,43
Aristocracy,43
Aristocracy,43
Aristocracy,43
Aristocracy,43
Aristocracy,43
Aristocracy,43
Aristocracy,43
Aristocracy,43
Aristocracy,43
Aristocracy,43
Aristocracy,43
Aristocracy,43
Aristocracy,43
Aristocracy,43
Aristocracy,43
Aristocracy,43
Aristocracy,43
Aristocracy,43
Aristocracy,43
Aristocracy,43
Aristocracy,44
Aristocracy,44
Aristocracy,44
Aristocracy,44
Aristocracy,44
Aristocracy,44
Aristocracy,44
Aristocracy,44
Aristocracy,44
Aristocracy,44
Aristocracy,44
Aristocracy,44
Aristocracy,44
Aristocracy,44
Aristocracy,44
Aristocracy,44
Aristocracy,44
Aristocracy,44
Aristocracy,44
Aristocracy,44
Aristocracy,44
Aristocracy,44
Aristocracy,44
Aristocracy,44
Aristocracy,44
Aristocracy,44
Aristocracy,45
Aristocracy,45
Aristocracy,45
Aristocracy,45
Aristocracy,45
Aristocracy,45
Aristocracy,45
Aristocracy,45
Aristocracy,45
Aristocracy,45
Aristocracy,45
Aristocracy,45
Aristocracy,45
Aristocracy,45
Aristocracy,45
Aristocracy,45
Aristocracy,45
Aristocracy,45
Aristocracy,45
Aristocracy,45
Aristocracy,45
Aristocracy,45
Aristocracy,45
Aristocracy,45
Aristocracy,46
Aristocracy,46
Aristocracy,46
Aristocracy,46
Aristocracy,46
Aristocracy,46
Aristocracy,46
Aristocracy,46
Aristocracy,46
Aristocracy,46
Aristocracy,46
Aristocracy,46
Aristocracy,46
Aristocracy,46
Aristocracy,46
Aristocracy,46
Aristocracy,46
Aristocracy,46
Aristocracy,46
Aristocracy,46
Aristocracy,46
Aristocracy,46
Aristocracy,46
Aristocracy,46
Aristocracy,46
Aristocracy,46
Aristocracy,46
Aristocracy,46
Aristocracy,46
Aristocracy,46
Aristocracy,46
Aristocracy,46
Aristocracy,46
Aristocracy,46
Aristocracy,47
Aristocracy,47
Aristocracy,47
Aristocracy,47
Aristocracy,47
Aristocracy,47
Aristocracy,47
Aristocracy,47
Aristocracy,47
Aristocracy,47
Aristocracy,47
Aristocracy,47
Aristocracy,47
Aristocracy,47
Aristocracy,47
Aristocracy,47
Aristocracy,47
Aristocracy,47
Aristocracy,47
Aristocracy,47
Aristocracy,47
Aristocracy,47
Aristocracy,47
Aristocracy,47
Aristocracy,47
Aristocracy,47
Aristocracy,47
Aristocracy,47
Aristocracy,47
Aristocracy,47
Aristocracy,47
Aristocracy,47
Aristocracy,47
Aristocracy,47
Aristocracy,47
Aristocracy,47
Aristocracy,47
Aristocracy,47
Aristocracy,47
Aristocracy,48
Aristocracy,48
Aristocracy,48
Aristocracy,48
Aristocracy,48
Aristocracy,48
Aristocracy,48
Aristocracy,48
Aristocracy,48
Aristocracy,48
Aristocracy,48
Aristocracy,48
Aristocracy,48
Aristocracy,48
Aristocracy,48
Aristocracy,48
Aristocracy,48
Aristocracy,48
Aristocracy,48
Aristocracy,48
Aristocracy,48
Aristocracy,48
Aristocracy,48
Aristocracy,48
Aristocracy,48
Aristocracy,48
Aristocracy,48
Aristocracy,49
Aristocracy,49
Aristocracy,49
Aristocracy,49
Aristocracy,49
Aristocracy,49
Aristocracy,49
Aristocracy,49
Aristocracy,49
Aristocracy,49
Aristocracy,49
Aristocracy,49
Aristocracy,49
Aristocracy,49
Aristocracy,49
Aristocracy,49
Aristocracy,49
Aristocracy,49
Aristocracy,49
Aristocracy,49
Aristocracy,49
Aristocracy,49
Aristocracy,49
Aristocracy,49
Aristocracy,49
Aristocracy,49
Aristocracy,49
Aristocracy,49
Aristocracy,49
Aristocracy,49
Aristocracy,49
Aristocracy,49
Aristocracy,49
Aristocracy,49
Aristocracy,49
Aristocracy,49
Aristocracy,49
Aristocracy,49
Aristocracy,49
Aristocracy,49
Aristocracy,49
Aristocracy,49
Aristocracy,49
Aristocracy,49
Aristocracy,49
Aristocracy,50
Aristocracy,50
Aristocracy,50
Aristocracy,50
Aristocracy,50
Aristocracy,50
Aristocracy,50
Aristocracy,50
Aristocracy,50
Aristocracy,50
Aristocracy,50
Aristocracy,50
Aristocracy,50
Aristocracy,50
Aristocracy,50
Aristocracy,50
Aristocracy,50
Aristocracy,50
Aristocracy,50
Aristocracy,50
Aristocracy,50
Aristocracy,50
Aristocracy,50
Aristocracy,50
Aristocracy,50
Aristocracy,50
Aristocracy,50
Aristocracy,50
Aristocracy,50
Aristocracy,50
Aristocracy,50
Aristocracy,50
Aristocracy,50
Aristocracy,50
Aristocracy,50
Aristocracy,50
Aristocracy,51
Aristocracy,51
Aristocracy,51
Aristocracy,51
Aristocracy,51
Aristocracy,51
Aristocracy,51
Aristocracy,51
Aristocracy,51
Aristocracy,51
Aristocracy,51
Aristocracy,51
Aristocracy,51
Aristocracy,51
Aristocracy,51
Aristocracy,51
Aristocracy,51
Aristocracy,51
Aristocracy,51
Aristocracy,51
Aristocracy,51
Aristocracy,51
Aristocracy,51
Aristocracy,51
Aristocracy,51
Aristocracy,51
Aristocracy,51
Aristocracy,51
Aristocracy,51
Aristocracy,51
Aristocracy,51
Aristocracy,51
Aristocracy,51
Aristocracy,51
Aristocracy,51
Aristocracy,51
Aristocracy,51
Aristocracy,52
Aristocracy,52
Aristocracy,52
Aristocracy,52
Aristocracy,52
Aristocracy,52
Aristocracy,52
Aristocracy,52
Aristocracy,52
Aristocracy,52
Aristocracy,52
Aristocracy,52
Aristocracy,52
Aristocracy,52
Aristocracy,52
Aristocracy,52
Aristocracy,52
Aristocracy,52
Aristocracy,52
Aristocracy,52
Aristocracy,52
Aristocracy,52
Aristocracy,52
Aristocracy,52
Aristocracy,52
Aristocracy,52
Aristocracy,52
Aristocracy,52
Aristocracy,52
Aristocracy,52
Aristocracy,52
Aristocracy,53
Aristocracy,53
Aristocracy,53
Aristocracy,53
Aristocracy,53
Aristocracy,53
Aristocracy,53
Aristocracy,53
Aristocracy,53
Aristocracy,53
Aristocracy,53
Aristocracy,53
Aristocracy,53
Aristocracy,53
Aristocracy,53
Aristocracy,53
Aristocracy,53
Aristocracy,53
Aristocracy,53
Aristocracy,53
Aristocracy,53
Aristocracy,53
Aristocracy,53
Aristocracy,53
Aristocracy,53
Aristocracy,53
Aristocracy,53
Aristocracy,53
Aristocracy,53
Aristocracy,53
Aristocracy,53
Aristocracy,53
Aristocracy,53
Aristocracy,53
Aristocracy,53
Aristocracy,53
Aristocracy,54
Aristocracy,54
Aristocracy,54
Aristocracy,54
Aristocracy,54
Aristocracy,54
Aristocracy,54
Aristocracy,54
Aristocracy,54
Aristocracy,54
Aristocracy,54
Aristocracy,54
Aristocracy,54
Aristocracy,54
Aristocracy,54
Aristocracy,54
Aristocracy,54
Aristocracy,54
Aristocracy,54
Aristocracy,54
Aristocracy,54
Aristocracy,54
Aristocracy,54
Aristocracy,54
Aristocracy,54
Aristocracy,54
Aristocracy,54
Aristocracy,54
Aristocracy,54
Aristocracy,54
Aristocracy,54
Aristocracy,54
Aristocracy,54
Aristocracy,54
Aristocracy,54
Aristocracy,54
Aristocracy,55
Aristocracy,55
Aristocracy,55
Aristocracy,55
Aristocracy,55
Aristocracy,55
Aristocracy,55
Aristocracy,55
Aristocracy,55
Aristocracy,55
Aristocracy,55
Aristocracy,55
Aristocracy,55
Aristocracy,55
Aristocracy,55
Aristocracy,55
Aristocracy,55
Aristocracy,55
Aristocracy,55
Aristocracy,55
Aristocracy,55
Aristocracy,55
Aristocracy,55
Aristocracy,55
Aristocracy,55
Aristocracy,55
Aristocracy,55
Aristocracy,55
Aristocracy,55
Aristocracy,55
Aristocracy,55
Aristocracy,55
Aristocracy,55
Aristocracy,55
Aristocracy,55
Aristocracy,55
Aristocracy,55
Aristocracy,55
Aristocracy,55
Aristocracy,55
Aristocracy,55
Aristocracy,55
Aristocracy,55
Aristocracy,55
Aristocracy,55
Aristocracy,55
Aristocracy,55
Aristocracy,55
Aristocracy,55
Aristocracy,55
Aristocracy,55
Aristocracy,55
Aristocracy,55
Aristocracy,55
Aristocracy,55
Aristocracy,56
Aristocracy,56
Aristocracy,56
Aristocracy,56
Aristocracy,56
Aristocracy,56
Aristocracy,56
Aristocracy,56
Aristocracy,56
Aristocracy,56
Aristocracy,56
Aristocracy,56
Aristocracy,56
Aristocracy,56
Aristocracy,56
Aristocracy,56
Aristocracy,56
Aristocracy,56
Aristocracy,56
Aristocracy,56
Aristocracy,56
Aristocracy,56
Aristocracy,56
Aristocracy,56
Aristocracy,56
Aristocracy,56
Aristocracy,56
Aristocracy,56
Aristocracy,56
Aristocracy,56
Aristocracy,56
Aristocracy,56
Aristocracy,56
Aristocracy,56
Aristocracy,56
Aristocracy,56
Aristocracy,56
Aristocracy,56
Aristocracy,56
Aristocracy,56
Aristocracy,56
Aristocracy,56
Aristocracy,56
Aristocracy,56
Aristocracy,56
Aristocracy,56
Aristocracy,57
Aristocracy,57
Aristocracy,57
Aristocracy,57
Aristocracy,57
Aristocracy,57
Aristocracy,57
Aristocracy,57
Aristocracy,57
Aristocracy,57
Aristocracy,57
Aristocracy,57
Aristocracy,57
Aristocracy,57
Aristocracy,57
Aristocracy,57
Aristocracy,57
Aristocracy,57
Aristocracy,57
Aristocracy,57
Aristocracy,57
Aristocracy,57
Aristocracy,57
Aristocracy,57
Aristocracy,57
Aristocracy,57
Aristocracy,57
Aristocracy,57
Aristocracy,57
Aristocracy,57
Aristocracy,57
Aristocracy,57
Aristocracy,57
Aristocracy,57
Aristocracy,57
Aristocracy,57
Aristocracy,57
Aristocracy,58
Aristocracy,58
Aristocracy,58
Aristocracy,58
Aristocracy,58
Aristocracy,58
Aristocracy,58
Aristocracy,58
Aristocracy,58
Aristocracy,58
Aristocracy,58
Aristocracy,58
Aristocracy,58
Aristocracy,58
Aristocracy,58
Aristocracy,58
Aristocracy,58
Aristocracy,58
Aristocracy,58
Aristocracy,58
Aristocracy,58
Aristocracy,58
Aristocracy,58
Aristocracy,58
Aristocracy,58
Aristocracy,58
Aristocracy,58
Aristocracy,58
Aristocracy,58
Aristocracy,58
Aristocracy,58
Aristocracy,58
Aristocracy,58
Aristocracy,58
Aristocracy,58
Aristocracy,58
Aristocracy,58
Aristocracy,58
Aristocracy,58
Aristocracy,58
Aristocracy,59
Aristocracy,59
Aristocracy,59
Aristocracy,59
Aristocracy,59
Aristocracy,59
Aristocracy,59
Aristocracy,59
Aristocracy,59
Aristocracy,59
Aristocracy,59
Aristocracy,59
Aristocracy,59
Aristocracy,59
Aristocracy,59
Aristocracy,59
Aristocracy,59
Aristocracy,59
Aristocracy,59
Aristocracy,59
Aristocracy,59
Aristocracy,59
Aristocracy,59
Aristocracy,59
Aristocracy,59
Aristocracy,59
Aristocracy,59
Aristocracy,59
Aristocracy,59
Aristocracy,59
Aristocracy,59
Aristocracy,59
Aristocracy,59
Aristocracy,60
Aristocracy,60
Aristocracy,60
Aristocracy,60
Aristocracy,60
Aristocracy,60
Aristocracy,60
Aristocracy,60
Aristocracy,60
Aristocracy,60
Aristocracy,60
Aristocracy,60
Aristocracy,60
Aristocracy,60
Aristocracy,60
Aristocracy,60
Aristocracy,60
Aristocracy,60
Aristocracy,60
Aristocracy,60
Aristocracy,60
Aristocracy,60
Aristocracy,60
Aristocracy,60
Aristocracy,60
Aristocracy,60
Aristocracy,60
Aristocracy,60
Aristocracy,60
Aristocracy,60
Aristocracy,60
Aristocracy,60
Aristocracy,60
Aristocracy,60
Aristocracy,60
Aristocracy,60
Aristocracy,60
Aristocracy,60
Aristocracy,60
Aristocracy,60
Aristocracy,60
Aristocracy,60
Aristocracy,60
Aristocracy,60
Aristocracy,60
Aristocracy,60
Aristocracy,60
Aristocracy,61
Aristocracy,61
Aristocracy,61
Aristocracy,61
Aristocracy,61
Aristocracy,61
Aristocracy,61
Aristocracy,61
Aristocracy,61
Aristocracy,61
Aristocracy,61
Aristocracy,61
Aristocracy,61
Aristocracy,61
Aristocracy,61
Aristocracy,61
Aristocracy,61
Aristocracy,61
Aristocracy,61
Aristocracy,61
Aristocracy,61
Aristocracy,61
Aristocracy,61
Aristocracy,61
Aristocracy,61
Aristocracy,61
Aristocracy,61
Aristocracy,61
Aristocracy,61
Aristocracy,61
Aristocracy,61
Aristocracy,61
Aristocracy,61
Aristocracy,61
Aristocracy,61
Aristocracy,61
Aristocracy,61
Aristocracy,61
Aristocracy,61
Aristocracy,61
Aristocracy,61
Aristocracy,61
Aristocracy,61
Aristocracy,61
Aristocracy,61
Aristocracy,61
Aristocracy,61
Aristocracy,61
Aristocracy,61
Aristocracy,62
Aristocracy,62
Aristocracy,62
Aristocracy,62
Aristocracy,62
Aristocracy,62
Aristocracy,62
Aristocracy,62
Aristocracy,62
Aristocracy,62
Aristocracy,62
Aristocracy,62
Aristocracy,62
Aristocracy,62
Aristocracy,62
Aristocracy,62
Aristocracy,62
Aristocracy,62
Aristocracy,62
Aristocracy,62
Aristocracy,62
Aristocracy,62
Aristocracy,62
Aristocracy,62
Aristocracy,62
Aristocracy,62
Aristocracy,62
Aristocracy,62
Aristocracy,62
Aristocracy,62
Aristocracy,62
Aristocracy,62
Aristocracy,62
Aristocracy,62
Aristocracy,62
Aristocracy,62
Aristocracy,62
Aristocracy,62
Aristocracy,62
Aristocracy,62
Aristocracy,62
Aristocracy,62
Aristocracy,62
Aristocracy,62
Aristocracy,62
Aristocracy,62
Aristocracy,62
Aristocracy,62
Aristocracy,62
Aristocracy,62
Aristocracy,62
Aristocracy,62
Aristocracy,62
Aristocracy,62
Aristocracy,63
Aristocracy,63
Aristocracy,63
Aristocracy,63
Aristocracy,63
Aristocracy,63
Aristocracy,63
Aristocracy,63
Aristocracy,63
Aristocracy,63
Aristocracy,63
Aristocracy,63
Aristocracy,63
Aristocracy,63
Aristocracy,63
Aristocracy,63
Aristocracy,63
Aristocracy,63
Aristocracy,63
Aristocracy,63
Aristocracy,63
Aristocracy,63
Aristocracy,63
Aristocracy,63
Aristocracy,63
Aristocracy,63
Aristocracy,63
Aristocracy,63
Aristocracy,63
Aristocracy,63
Aristocracy,63
Aristocracy,63
Aristocracy,63
Aristocracy,63
Aristocracy,63
Aristocracy,63
Aristocracy,63
Aristocracy,63
Aristocracy,63
Aristocracy,63
Aristocracy,63
Aristocracy,63
Aristocracy,63
Aristocracy,63
Aristocracy,63
Aristocracy,63
Aristocracy,63
Aristocracy,63
Aristocracy,63
Aristocracy,63
Aristocracy,63
Aristocracy,63
Aristocracy,64
Aristocracy,64
Aristocracy,64
Aristocracy,64
Aristocracy,64
Aristocracy,64
Aristocracy,64
Aristocracy,64
Aristocracy,64
Aristocracy,64
Aristocracy,64
Aristocracy,64
Aristocracy,64
Aristocracy,64
Aristocracy,64
Aristocracy,64
Aristocracy,64
Aristocracy,64
Aristocracy,64
Aristocracy,64
Aristocracy,64
Aristocracy,64
Aristocracy,64
Aristocracy,64
Aristocracy,64
Aristocracy,64
Aristocracy,64
Aristocracy,64
Aristocracy,64
Aristocracy,64
Aristocracy,64
Aristocracy,64
Aristocracy,64
Aristocracy,64
Aristocracy,64
Aristocracy,64
Aristocracy,65
Aristocracy,65
Aristocracy,65
Aristocracy,65
Aristocracy,65
Aristocracy,65
Aristocracy,65
Aristocracy,65
Aristocracy,65
Aristocracy,65
Aristocracy,65
Aristocracy,65
Aristocracy,65
Aristocracy,65
Aristocracy,65
Aristocracy,65
Aristocracy,65
Aristocracy,65
Aristocracy,65
Aristocracy,65
Aristocracy,65
Aristocracy,65
Aristocracy,65
Aristocracy,65
Aristocracy,65
Aristocracy,65
Aristocracy,65
Aristocracy,65
Aristocracy,65
Aristocracy,65
Aristocracy,65
Aristocracy,65
Aristocracy,65
Aristocracy,65
Aristocracy,65
Aristocracy,65
Aristocracy,65
Aristocracy,65
Aristocracy,65
Aristocracy,65
Aristocracy,65
Aristocracy,65
Aristocracy,65
Aristocracy,65
Aristocracy,65
Aristocracy,65
Aristocracy,65
Aristocracy,65
Aristocracy,65
Aristocracy,66
Aristocracy,66
Aristocracy,66
Aristocracy,66
Aristocracy,66
Aristocracy,66
Aristocracy,66
Aristocracy,66
Aristocracy,66
Aristocracy,66
Aristocracy,66
Aristocracy,66
Aristocracy,66
Aristocracy,66
Aristocracy,66
Aristocracy,66
Aristocracy,66
Aristocracy,66
Aristocracy,66
Aristocracy,66
Aristocracy,66
Aristocracy,66
Aristocracy,66
Aristocracy,66
Aristocracy,66
Aristocracy,66
Aristocracy,66
Aristocracy,66
Aristocracy,66
Aristocracy,66
Aristocracy,66
Aristocracy,66
Aristocracy,66
Aristocracy,66
Aristocracy,66
Aristocracy,66
Aristocracy,67
Aristocracy,67
Aristocracy,67
Aristocracy,67
Aristocracy,67
Aristocracy,67
Aristocracy,67
Aristocracy,67
Aristocracy,67
Aristocracy,67
Aristocracy,67
Aristocracy,67
Aristocracy,67
Aristocracy,67
Aristocracy,67
Aristocracy,67
Aristocracy,67
Aristocracy,67
Aristocracy,67
Aristocracy,67
Aristocracy,67
Aristocracy,67
Aristocracy,67
Aristocracy,67
Aristocracy,67
Aristocracy,67
Aristocracy,67
Aristocracy,67
Aristocracy,67
Aristocracy,67
Aristocracy,67
Aristocracy,67
Aristocracy,67
Aristocracy,67
Aristocracy,67
Aristocracy,67
Aristocracy,67
Aristocracy,68
Aristocracy,68
Aristocracy,68
Aristocracy,68
Aristocracy,68
Aristocracy,68
Aristocracy,68
Aristocracy,68
Aristocracy,68
Aristocracy,68
Aristocracy,68
Aristocracy,68
Aristocracy,68
Aristocracy,68
Aristocracy,68
Aristocracy,68
Aristocracy,68
Aristocracy,68
Aristocracy,68
Aristocracy,68
Aristocracy,68
Aristocracy,68
Aristocracy,68
Aristocracy,68
Aristocracy,68
Aristocracy,68
Aristocracy,68
Aristocracy,68
Aristocracy,68
Aristocracy,68
Aristocracy,68
Aristocracy,68
Aristocracy,68
Aristocracy,68
Aristocracy,68
Aristocracy,68
Aristocracy,68
Aristocracy,68
Aristocracy,68
Aristocracy,68
Aristocracy,68
Aristocracy,68
Aristocracy,68
Aristocracy,68
Aristocracy,68
Aristocracy,68
Aristocracy,68
Aristocracy,68
Aristocracy,69
Aristocracy,69
Aristocracy,69
Aristocracy,69
Aristocracy,69
Aristocracy,69
Aristocracy,69
Aristocracy,69
Aristocracy,69
Aristocracy,69
Aristocracy,69
Aristocracy,69
Aristocracy,69
Aristocracy,69
Aristocracy,69
Aristocracy,69
Aristocracy,69
Aristocracy,69
Aristocracy,69
Aristocracy,69
Aristocracy,69
Aristocracy,69
Aristocracy,69
Aristocracy,69
Aristocracy,69
Aristocracy,69
Aristocracy,69
Aristocracy,69
Aristocracy,69
Aristocracy,69
Aristocracy,69
Aristocracy,69
Aristocracy,69
Aristocracy,69
Aristocracy,69
Aristocracy,69
Aristocracy,69
Aristocracy,69
Aristocracy,69
Aristocracy,69
Aristocracy,69
Aristocracy,69
Aristocracy,69
Aristocracy,69
Aristocracy,69
Aristocracy,69
Aristocracy,69
Aristocracy,69
Aristocracy,69
Aristocracy,69
Aristocracy,69
Aristocracy,69
Aristocracy,69
Aristocracy,69
Aristocracy,69
Aristocracy,69
Aristocracy,70
Aristocracy,70
Aristocracy,70
Aristocracy,70
Aristocracy,70
Aristocracy,70
Aristocracy,70
Aristocracy,70
Aristocracy,70
Aristocracy,70
Aristocracy,70
Aristocracy,70
Aristocracy,70
Aristocracy,70
Aristocracy,70
Aristocracy,70
Aristocracy,70
Aristocracy,70
Aristocracy,70
Aristocracy,70
Aristocracy,70
Aristocracy,70
Aristocracy,70
Aristocracy,70
Aristocracy,70
Aristocracy,70
Aristocracy,70
Aristocracy,70
Aristocracy,70
Aristocracy,70
Aristocracy,70
Aristocracy,70
Aristocracy,70
Aristocracy,70
Aristocracy,70
Aristocracy,70
Aristocracy,70
Aristocracy,70
Aristocracy,70
Aristocracy,70
Aristocracy,70
Aristocracy,70
Aristocracy,70
Aristocracy,70
Aristocracy,70
Aristocracy,70
Aristocracy,70
Aristocracy,70
Aristocracy,70
Aristocracy,70
Aristocracy,70
Aristocracy,70
Aristocracy,70
Aristocracy,70
Aristocracy,70
Aristocracy,70
Aristocracy,70
Aristocracy,70
Aristocracy,70
Aristocracy,70
Aristocracy,70
Aristocracy,70
Aristocracy,70
Aristocracy,70
Aristocracy,71
Aristocracy,71
Aristocracy,71
Aristocracy,71
Aristocracy,71
Aristocracy,71
Aristocracy,71
Aristocracy,71
Aristocracy,71
Aristocracy,71
Aristocracy,71
Aristocracy,71
Aristocracy,71
Aristocracy,71
Aristocracy,71
Aristocracy,71
Aristocracy,71
Aristocracy,71
Aristocracy,71
Aristocracy,71
Aristocracy,71
Aristocracy,71
Aristocracy,71
Aristocracy,71
Aristocracy,71
Aristocracy,71
Aristocracy,71
Aristocracy,71
Aristocracy,71
Aristocracy,71
Aristocracy,71
Aristocracy,71
Aristocracy,71
Aristocracy,71
Aristocracy,71
Aristocracy,71
Aristocracy,72
Aristocracy,72
Aristocracy,72
Aristocracy,72
Aristocracy,72
Aristocracy,72
Aristocracy,72
Aristocracy,72
Aristocracy,72
Aristocracy,72
Aristocracy,72
Aristocracy,72
Aristocracy,72
Aristocracy,72
Aristocracy,72
Aristocracy,72
Aristocracy,72
Aristocracy,72
Aristocracy,72
Aristocracy,72
Aristocracy,72
Aristocracy,72
Aristocracy,72
Aristocracy,72
Aristocracy,72
Aristocracy,72
Aristocracy,72
Aristocracy,72
Aristocracy,72
Aristocracy,72
Aristocracy,72
Aristocracy,72
Aristocracy,72
Aristocracy,72
Aristocracy,72
Aristocracy,72
Aristocracy,72
Aristocracy,72
Aristocracy,72
Aristocracy,72
Aristocracy,72
Aristocracy,72
Aristocracy,72
Aristocracy,72
Aristocracy,72
Aristocracy,72
Aristocracy,72
Aristocracy,72
Aristocracy,72
Aristocracy,72
Aristocracy,72
Aristocracy,72
Aristocracy,72
Aristocracy,72
Aristocracy,72
Aristocracy,72
Aristocracy,72
Aristocracy,72
Aristocracy,72
Aristocracy,72
Aristocracy,72
Aristocracy,72
Aristocracy,72
Aristocracy,72
Aristocracy,72
Aristocracy,73
Aristocracy,73
Aristocracy,73
Aristocracy,73
Aristocracy,73
Aristocracy,73
Aristocracy,73
Aristocracy,73
Aristocracy,73
Aristocracy,73
Aristocracy,73
Aristocracy,73
Aristocracy,73
Aristocracy,73
Aristocracy,73
Aristocracy,73
Aristocracy,73
Aristocracy,73
Aristocracy,73
Aristocracy,73
Aristocracy,73
Aristocracy,73
Aristocracy,73
Aristocracy,73
Aristocracy,73
Aristocracy,73
Aristocracy,73
Aristocracy,73
Aristocracy,73
Aristocracy,73
Aristocracy,73
Aristocracy,73
Aristocracy,73
Aristocracy,73
Aristocracy,73
Aristocracy,73
Aristocracy,73
Aristocracy,73
Aristocracy,73
Aristocracy,73
Aristocracy,73
Aristocracy,73
Aristocracy,73
Aristocracy,73
Aristocracy,73
Aristocracy,73
Aristocracy,73
Aristocracy,73
Aristocracy,73
Aristocracy,73
Aristocracy,73
Aristocracy,73
Aristocracy,73
Aristocracy,73
Aristocracy,73
Aristocracy,73
Aristocracy,73
Aristocracy,73
Aristocracy,73
Aristocracy,73
Aristocracy,73
Aristocracy,73
Aristocracy,74
Aristocracy,74
Aristocracy,74
Aristocracy,74
Aristocracy,74
Aristocracy,74
Aristocracy,74
Aristocracy,74
Aristocracy,74
Aristocracy,74
Aristocracy,74
Aristocracy,74
Aristocracy,74
Aristocracy,74
Aristocracy,74
Aristocracy,74
Aristocracy,74
Aristocracy,74
Aristocracy,74
Aristocracy,74
Aristocracy,74
Aristocracy,74
Aristocracy,74
Aristocracy,74
Aristocracy,74
Aristocracy,74
Aristocracy,74
Aristocracy,74
Aristocracy,74
Aristocracy,74
Aristocracy,74
Aristocracy,74
Aristocracy,74
Aristocracy,74
Aristocracy,74
Aristocracy,74
Aristocracy,74
Aristocracy,74
Aristocracy,74
Aristocracy,74
Aristocracy,74
Aristocracy,74
Aristocracy,74
Aristocracy,74
Aristocracy,75
Aristocracy,75
Aristocracy,75
Aristocracy,75
Aristocracy,75
Aristocracy,75
Aristocracy,75
Aristocracy,75
Aristocracy,75
Aristocracy,75
Aristocracy,75
Aristocracy,75
Aristocracy,75
Aristocracy,75
Aristocracy,75
Aristocracy,75
Aristocracy,75
Aristocracy,75
Aristocracy,75
Aristocracy,75
Aristocracy,75
Aristocracy,75
Aristocracy,75
Aristocracy,75
Aristocracy,75
Aristocracy,75
Aristocracy,75
Aristocracy,75
Aristocracy,75
Aristocracy,75
Aristocracy,75
Aristocracy,75
Aristocracy,75
Aristocracy,75
Aristocracy,75
Aristocracy,75
Aristocracy,75
Aristocracy,75
Aristocracy,75
Aristocracy,75
Aristocracy,75
Aristocracy,75
Aristocracy,75
Aristocracy,75
Aristocracy,75
Aristocracy,75
Aristocracy,75
Aristocracy,75
Aristocracy,75
Aristocracy,75
Aristocracy,75
Aristocracy,76
Aristocracy,76
Aristocracy,76
Aristocracy,76
Aristocracy,76
Aristocracy,76
Aristocracy,76
Aristocracy,76
Aristocracy,76
Aristocracy,76
Aristocracy,76
Aristocracy,76
Aristocracy,76
Aristocracy,76
Aristocracy,76
Aristocracy,76
Aristocracy,76
Aristocracy,76
Aristocracy,76
Aristocracy,76
Aristocracy,76
Aristocracy,76
Aristocracy,76
Aristocracy,76
Aristocracy,76
Aristocracy,76
Aristocracy,76
Aristocracy,76
Aristocracy,76
Aristocracy,76
Aristocracy,76
Aristocracy,76
Aristocracy,76
Aristocracy,76
Aristocracy,76
Aristocracy,76
Aristocracy,76
Aristocracy,76
Aristocracy,76
Aristocracy,76
Aristocracy,76
Aristocracy,76
Aristocracy,76
Aristocracy,76
Aristocracy,76
Aristocracy,76
Aristocracy,76
Aristocracy,76
Aristocracy,76
Aristocracy,77
Aristocracy,77
Aristocracy,77
Aristocracy,77
Aristocracy,77
Aristocracy,77
Aristocracy,77
Aristocracy,77
Aristocracy,77
Aristocracy,77
Aristocracy,77
Aristocracy,77
Aristocracy,77
Aristocracy,77
Aristocracy,77
Aristocracy,77
Aristocracy,77
Aristocracy,77
Aristocracy,77
Aristocracy,77
Aristocracy,77
Aristocracy,77
Aristocracy,77
Aristocracy,77
Aristocracy,77
Aristocracy,77
Aristocracy,77
Aristocracy,77
Aristocracy,77
Aristocracy,77
Aristocracy,77
Aristocracy,77
Aristocracy,77
Aristocracy,77
Aristocracy,77
Aristocracy,77
Aristocracy,77
Aristocracy,77
Aristocracy,77
Aristocracy,77
Aristocracy,77
Aristocracy,77
Aristocracy,77
Aristocracy,77
Aristocracy,77
Aristocracy,77
Aristocracy,77
Aristocracy,77
Aristocracy,78
Aristocracy,78
Aristocracy,78
Aristocracy,78
Aristocracy,78
Aristocracy,78
Aristocracy,78
Aristocracy,78
Aristocracy,78
Aristocracy,78
Aristocracy,78
Aristocracy,78
Aristocracy,78
Aristocracy,78
Aristocracy,78
Aristocracy,78
Aristocracy,78
Aristocracy,78
Aristocracy,78
Aristocracy,78
Aristocracy,78
Aristocracy,78
Aristocracy,78
Aristocracy,78
Aristocracy,78
Aristocracy,78
Aristocracy,78
Aristocracy,78
Aristocracy,78
Aristocracy,78
Aristocracy,78
Aristocracy,78
Aristocracy,78
Aristocracy,78
Aristocracy,79
Aristocracy,79
Aristocracy,79
Aristocracy,79
Aristocracy,79
Aristocracy,79
Aristocracy,79
Aristocracy,79
Aristocracy,79
Aristocracy,79
Aristocracy,79
Aristocracy,79
Aristocracy,79
Aristocracy,79
Aristocracy,79
Aristocracy,79
Aristocracy,79
Aristocracy,79
Aristocracy,79
Aristocracy,79
Aristocracy,79
Aristocracy,79
Aristocracy,79
Aristocracy,79
Aristocracy,79
Aristocracy,79
Aristocracy,79
Aristocracy,79
Aristocracy,79
Aristocracy,79
Aristocracy,79
Aristocracy,79
Aristocracy,79
Aristocracy,80
Aristocracy,80
Aristocracy,80
Aristocracy,80
Aristocracy,80
Aristocracy,80
Aristocracy,80
Aristocracy,80
Aristocracy,80
Aristocracy,80
Aristocracy,80
Aristocracy,80
Aristocracy,80
Aristocracy,80
Aristocracy,80
Aristocracy,80
Aristocracy,80
Aristocracy,80
Aristocracy,80
Aristocracy,80
Aristocracy,80
Aristocracy,80
Aristocracy,80
Aristocracy,80
Aristocracy,80
Aristocracy,80
Aristocracy,80
Aristocracy,80
Aristocracy,80
Aristocracy,80
Aristocracy,80
Aristocracy,80
Aristocracy,80
Aristocracy,80
Aristocracy,80
Aristocracy,80
Aristocracy,80
Aristocracy,80
Aristocracy,80
Aristocracy,80
Aristocracy,80
Aristocracy,80
Aristocracy,80
Aristocracy,80
Aristocracy,80
Aristocracy,80
Aristocracy,80
Aristocracy,80
Aristocracy,80
Aristocracy,81
Aristocracy,81
Aristocracy,81
Aristocracy,81
Aristocracy,81
Aristocracy,81
Aristocracy,81
Aristocracy,81
Aristocracy,81
Aristocracy,81
Aristocracy,81
Aristocracy,81
Aristocracy,81
Aristocracy,81
Aristocracy,81
Aristocracy,81
Aristocracy,81
Aristocracy,81
Aristocracy,81
Aristocracy,81
Aristocracy,81
Aristocracy,81
Aristocracy,81
Aristocracy,81
Aristocracy,81
Aristocracy,81
Aristocracy,81
Aristocracy,81
Aristocracy,81
Aristocracy,81
Aristocracy,81
Aristocracy,81
Aristocracy,81
Aristocracy,81
Aristocracy,81
Aristocracy,81
Aristocracy,82
Aristocracy,82
Aristocracy,82
Aristocracy,82
Aristocracy,82
Aristocracy,82
Aristocracy,82
Aristocracy,82
Aristocracy,82
Aristocracy,82
Aristocracy,82
Aristocracy,82
Aristocracy,82
Aristocracy,82
Aristocracy,82
Aristocracy,82
Aristocracy,82
Aristocracy,82
Aristocracy,82
Aristocracy,82
Aristocracy,82
Aristocracy,82
Aristocracy,82
Aristocracy,82
Aristocracy,82
Aristocracy,82
Aristocracy,82
Aristocracy,82
Aristocracy,82
Aristocracy,82
Aristocracy,82
Aristocracy,82
Aristocracy,82
Aristocracy,83
Aristocracy,83
Aristocracy,83
Aristocracy,83
Aristocracy,83
Aristocracy,83
Aristocracy,83
Aristocracy,83
Aristocracy,83
Aristocracy,83
Aristocracy,83
Aristocracy,83
Aristocracy,83
Aristocracy,83
Aristocracy,83
Aristocracy,83
Aristocracy,83
Aristocracy,83
Aristocracy,83
Aristocracy,83
Aristocracy,83
Aristocracy,83
Aristocracy,83
Aristocracy,84
Aristocracy,84
Aristocracy,84
Aristocracy,84
Aristocracy,84
Aristocracy,84
Aristocracy,84
Aristocracy,84
Aristocracy,84
Aristocracy,84
Aristocracy,84
Aristocracy,84
Aristocracy,84
Aristocracy,84
Aristocracy,84
Aristocracy,84
Aristocracy,84
Aristocracy,84
Aristocracy,84
Aristocracy,84
Aristocracy,84
Aristocracy,84
Aristocracy,84
Aristocracy,84
Aristocracy,84
Aristocracy,84
Aristocracy,84
Aristocracy,84
Aristocracy,85
Aristocracy,85
Aristocracy,85
Aristocracy,85
Aristocracy,85
Aristocracy,85
Aristocracy,85
Aristocracy,85
Aristocracy,85
Aristocracy,85
Aristocracy,85
Aristocracy,85
Aristocracy,85
Aristocracy,85
Aristocracy,85
Aristocracy,85
Aristocracy,85
Aristocracy,85
Aristocracy,85
Aristocracy,85
Aristocracy,85
Aristocracy,85
Aristocracy,85
Aristocracy,85
Aristocracy,85
Aristocracy,85
Aristocracy,85
Aristocracy,86
Aristocracy,86
Aristocracy,86
Aristocracy,86
Aristocracy,86
Aristocracy,86
Aristocracy,86
Aristocracy,86
Aristocracy,86
Aristocracy,86
Aristocracy,86
Aristocracy,86
Aristocracy,86
Aristocracy,86
Aristocracy,86
Aristocracy,86
Aristocracy,86
Aristocracy,86
Aristocracy,86
Aristocracy,86
Aristocracy,87
Aristocracy,87
Aristocracy,87
Aristocracy,87
Aristocracy,87
Aristocracy,87
Aristocracy,87
Aristocracy,87
Aristocracy,87
Aristocracy,87
Aristocracy,87
Aristocracy,87
Aristocracy,87
Aristocracy,87
Aristocracy,87
Aristocracy,87
Aristocracy,87
Aristocracy,87
Aristocracy,87
Aristocracy,87
Aristocracy,87
Aristocracy,87
Aristocracy,87
Aristocracy,87
Aristocracy,87
Aristocracy,87
Aristocracy,87
Aristocracy,87
Aristocracy,87
Aristocracy,87
Aristocracy,87
Aristocracy,87
Aristocracy,87
Aristocracy,88
Aristocracy,88
Aristocracy,88
Aristocracy,88
Aristocracy,88
Aristocracy,88
Aristocracy,88
Aristocracy,88
Aristocracy,88
Aristocracy,88
Aristocracy,88
Aristocracy,88
Aristocracy,88
Aristocracy,88
Aristocracy,88
Aristocracy,88
Aristocracy,89
Aristocracy,89
Aristocracy,89
Aristocracy,89
Aristocracy,89
Aristocracy,89
Aristocracy,89
Aristocracy,89
Aristocracy,89
Aristocracy,89
Aristocracy,89
Aristocracy,89
Aristocracy,89
Aristocracy,90
Aristocracy,90
Aristocracy,90
Aristocracy,90
Aristocracy,90
Aristocracy,90
Aristocracy,90
Aristocracy,90
Aristocracy,90
Aristocracy,90
Aristocracy,91
Aristocracy,91
Aristocracy,91
Aristocracy,91
Aristocracy,91
Aristocracy,91
Aristocracy,91
Aristocracy,92
Aristocracy,92
Aristocracy,92
Aristocracy,92
Aristocracy,93
Aristocracy,93
Aristocracy,93
Aristocracy,93
Aristocracy,94
Aristocracy,94
Aristocracy,94
Aristocracy,95
Aristocracy,95
Aristocracy,95
Aristocracy,96
Aristocracy,96
Aristocracy,97
Aristocracy,97
Aristocracy,98
Aristocracy,98
Aristocracy,98
Aristocracy,99
Aristocracy,100
Aristocracy,102
Gentry,21
Gentry,21
Gentry,21
Gentry,21
Gentry,21
Gentry,21
Gentry,21
Gentry,21
Gentry,21
Gentry,21
Gentry,21
Gentry,21
Gentry,21
Gentry,21
Gentry,21
Gentry,21
Gentry,21
Gentry,21
Gentry,21
Gentry,21
Gentry,22
Gentry,22
Gentry,22
Gentry,22
Gentry,22
Gentry,22
Gentry,22
Gentry,22
Gentry,22
Gentry,22
Gentry,22
Gentry,22
Gentry,22
Gentry,22
Gentry,22
Gentry,23
Gentry,23
Gentry,23
Gentry,23
Gentry,23
Gentry,23
Gentry,23
Gentry,23
Gentry,23
Gentry,23
Gentry,23
Gentry,23
Gentry,23
Gentry,23
Gentry,23
Gentry,23
Gentry,23
Gentry,23
Gentry,23
Gentry,23
Gentry,23
Gentry,23
Gentry,23
Gentry,23
Gentry,23
Gentry,23
Gentry,23
Gentry,23
Gentry,23
Gentry,23
Gentry,23
Gentry,23
Gentry,23
Gentry,23
Gentry,23
Gentry,23
Gentry,23
Gentry,23
Gentry,23
Gentry,24
Gentry,24
Gentry,24
Gentry,24
Gentry,24
Gentry,24
Gentry,24
Gentry,24
Gentry,24
Gentry,24
Gentry,24
Gentry,24
Gentry,24
Gentry,24
Gentry,24
Gentry,24
Gentry,24
Gentry,24
Gentry,24
Gentry,24
Gentry,24
Gentry,24
Gentry,24
Gentry,24
Gentry,24
Gentry,24
Gentry,24
Gentry,25
Gentry,25
Gentry,25
Gentry,25
Gentry,25
Gentry,25
Gentry,25
Gentry,25
Gentry,25
Gentry,25
Gentry,25
Gentry,25
Gentry,25
Gentry,25
Gentry,25
Gentry,25
Gentry,25
Gentry,25
Gentry,25
Gentry,25
Gentry,25
Gentry,25
Gentry,25
Gentry,25
Gentry,25
Gentry,25
Gentry,25
Gentry,25
Gentry,25
Gentry,25
Gentry,25
Gentry,25
Gentry,25
Gentry,25
Gentry,25
Gentry,25
Gentry,25
Gentry,25
Gentry,25
Gentry,25
Gentry,26
Gentry,26
Gentry,26
Gentry,26
Gentry,26
Gentry,26
Gentry,26
Gentry,26
Gentry,26
Gentry,26
Gentry,26
Gentry,26
Gentry,26
Gentry,26
Gentry,26
Gentry,26
Gentry,26
Gentry,26
Gentry,26
Gentry,26
Gentry,26
Gentry,26
Gentry,26
Gentry,26
Gentry,27
Gentry,27
Gentry,27
Gentry,27
Gentry,27
Gentry,27
Gentry,27
Gentry,27
Gentry,27
Gentry,27
Gentry,27
Gentry,27
Gentry,27
Gentry,27
Gentry,27
Gentry,27
Gentry,27
Gentry,27
Gentry,27
Gentry,27
Gentry,27
Gentry,27
Gentry,28
Gentry,28
Gentry,28
Gentry,28
Gentry,28
Gentry,28
Gentry,28
Gentry,28
Gentry,28
Gentry,28
Gentry,28
Gentry,28
Gentry,28
Gentry,28
Gentry,28
Gentry,28
Gentry,28
Gentry,28
Gentry,28
Gentry,28
Gentry,28
Gentry,28
Gentry,29
Gentry,29
Gentry,29
Gentry,29
Gentry,29
Gentry,29
Gentry,29
Gentry,29
Gentry,29
Gentry,29
Gentry,29
Gentry,29
Gentry,29
Gentry,29
Gentry,29
Gentry,29
Gentry,29
Gentry,29
Gentry,29
Gentry,29
Gentry,29
Gentry,30
Gentry,30
Gentry,30
Gentry,30
Gentry,30
Gentry,30
Gentry,30
Gentry,30
Gentry,30
Gentry,30
Gentry,30
Gentry,30
Gentry,30
Gentry,30
Gentry,30
Gentry,30
Gentry,30
Gentry,30
Gentry,30
Gentry,30
Gentry,30
Gentry,30
Gentry,30
Gentry,30
Gentry,30
Gentry,30
Gentry,30
Gentry,30
Gentry,30
Gentry,30
Gentry,30
Gentry,30
Gentry,31
Gentry,31
Gentry,31
Gentry,31
Gentry,31
Gentry,31
Gentry,31
Gentry,31
Gentry,31
Gentry,31
Gentry,31
Gentry,31
Gentry,31
Gentry,31
Gentry,31
Gentry,31
Gentry,31
Gentry,31
Gentry,32
Gentry,32
Gentry,32
Gentry,32
Gentry,32
Gentry,32
Gentry,32
Gentry,32
Gentry,32
Gentry,32
Gentry,32
Gentry,32
Gentry,32
Gentry,32
Gentry,32
Gentry,32
Gentry,32
Gentry,32
Gentry,32
Gentry,32
Gentry,32
Gentry,32
Gentry,32
Gentry,32
Gentry,32
Gentry,32
Gentry,32
Gentry,32
Gentry,32
Gentry,32
Gentry,33
Gentry,33
Gentry,33
Gentry,33
Gentry,33
Gentry,33
Gentry,33
Gentry,33
Gentry,33
Gentry,33
Gentry,33
Gentry,33
Gentry,33
Gentry,33
Gentry,33
Gentry,33
Gentry,33
Gentry,33
Gentry,33
Gentry,33
Gentry,34
Gentry,34
Gentry,34
Gentry,34
Gentry,34
Gentry,34
Gentry,34
Gentry,34
Gentry,34
Gentry,34
Gentry,34
Gentry,34
Gentry,34
Gentry,34
Gentry,34
Gentry,34
Gentry,34
Gentry,34
Gentry,34
Gentry,34
Gentry,34
Gentry,34
Gentry,34
Gentry,34
Gentry,34
Gentry,34
Gentry,34
Gentry,34
Gentry,35
Gentry,35
Gentry,35
Gentry,35
Gentry,35
Gentry,35
Gentry,35
Gentry,35
Gentry,35
Gentry,35
Gentry,35
Gentry,35
Gentry,35
Gentry,35
Gentry,35
Gentry,35
Gentry,35
Gentry,35
Gentry,35
Gentry,35
Gentry,35
Gentry,35
Gentry,35
Gentry,35
Gentry,35
Gentry,35
Gentry,35
Gentry,35
Gentry,35
Gentry,35
Gentry,35
Gentry,35
Gentry,35
Gentry,35
Gentry,35
Gentry,36
Gentry,36
Gentry,36
Gentry,36
Gentry,36
Gentry,36
Gentry,36
Gentry,36
Gentry,36
Gentry,36
Gentry,36
Gentry,36
Gentry,36
Gentry,36
Gentry,36
Gentry,36
Gentry,36
Gentry,36
Gentry,36
Gentry,36
Gentry,36
Gentry,36
Gentry,36
Gentry,36
Gentry,36
Gentry,36
Gentry,36
Gentry,36
Gentry,36
Gentry,36
Gentry,36
Gentry,36
Gentry,37
Gentry,37
Gentry,37
Gentry,37
Gentry,37
Gentry,37
Gentry,37
Gentry,37
Gentry,37
Gentry,37
Gentry,37
Gentry,37
Gentry,37
Gentry,37
Gentry,37
Gentry,37
Gentry,37
Gentry,37
Gentry,37
Gentry,37
Gentry,37
Gentry,37
Gentry,37
Gentry,37
Gentry,37
Gentry,37
Gentry,37
Gentry,37
Gentry,38
Gentry,38
Gentry,38
Gentry,38
Gentry,38
Gentry,38
Gentry,38
Gentry,38
Gentry,38
Gentry,38
Gentry,38
Gentry,38
Gentry,38
Gentry,38
Gentry,38
Gentry,38
Gentry,38
Gentry,38
Gentry,38
Gentry,38
Gentry,38
Gentry,38
Gentry,38
Gentry,38
Gentry,38
Gentry,38
Gentry,39
Gentry,39
Gentry,39
Gentry,39
Gentry,39
Gentry,39
Gentry,39
Gentry,39
Gentry,39
Gentry,39
Gentry,39
Gentry,39
Gentry,39
Gentry,39
Gentry,39
Gentry,39
Gentry,39
Gentry,39
Gentry,39
Gentry,39
Gentry,39
Gentry,39
Gentry,39
Gentry,39
Gentry,39
Gentry,39
Gentry,40
Gentry,40
Gentry,40
Gentry,40
Gentry,40
Gentry,40
Gentry,40
Gentry,40
Gentry,40
Gentry,40
Gentry,40
Gentry,40
Gentry,40
Gentry,40
Gentry,40
Gentry,40
Gentry,40
Gentry,40
Gentry,40
Gentry,40
Gentry,40
Gentry,40
Gentry,40
Gentry,40
Gentry,40
Gentry,40
Gentry,40
Gentry,40
Gentry,40
Gentry,40
Gentry,40
Gentry,40
Gentry,40
Gentry,40
Gentry,40
Gentry,40
Gentry,40
Gentry,40
Gentry,40
Gentry,41
Gentry,41
Gentry,41
Gentry,41
Gentry,41
Gentry,41
Gentry,41
Gentry,41
Gentry,41
Gentry,41
Gentry,41
Gentry,41
Gentry,41
Gentry,41
Gentry,41
Gentry,41
Gentry,41
Gentry,41
Gentry,41
Gentry,41
Gentry,41
Gentry,41
Gentry,42
Gentry,42
Gentry,42
Gentry,42
Gentry,42
Gentry,42
Gentry,42
Gentry,42
Gentry,42
Gentry,42
Gentry,42
Gentry,42
Gentry,42
Gentry,42
Gentry,42
Gentry,42
Gentry,42
Gentry,42
Gentry,42
Gentry,42
Gentry,42
Gentry,42
Gentry,43
Gentry,43
Gentry,43
Gentry,43
Gentry,43
Gentry,43
Gentry,43
Gentry,43
Gentry,43
Gentry,43
Gentry,43
Gentry,43
Gentry,43
Gentry,43
Gentry,43
Gentry,43
Gentry,43
Gentry,44
Gentry,44
Gentry,44
Gentry,44
Gentry,44
Gentry,44
Gentry,44
Gentry,44
Gentry,44
Gentry,44
Gentry,44
Gentry,44
Gentry,44
Gentry,44
Gentry,44
Gentry,44
Gentry,44
Gentry,44
Gentry,44
Gentry,44
Gentry,44
Gentry,44
Gentry,44
Gentry,44
Gentry,44
Gentry,44
Gentry,44
Gentry,44
Gentry,44
Gentry,44
Gentry,44
Gentry,44
Gentry,45
Gentry,45
Gentry,45
Gentry,45
Gentry,45
Gentry,45
Gentry,45
Gentry,45
Gentry,45
Gentry,45
Gentry,45
Gentry,45
Gentry,45
Gentry,45
Gentry,45
Gentry,45
Gentry,45
Gentry,45
Gentry,45
Gentry,45
Gentry,45
Gentry,45
Gentry,45
Gentry,45
Gentry,45
Gentry,45
Gentry,45
Gentry,45
Gentry,45
Gentry,45
Gentry,45
Gentry,45
Gentry,45
Gentry,45
Gentry,46
Gentry,46
Gentry,46
Gentry,46
Gentry,46
Gentry,46
Gentry,46
Gentry,46
Gentry,46
Gentry,46
Gentry,46
Gentry,46
Gentry,46
Gentry,46
Gentry,46
Gentry,46
Gentry,46
Gentry,46
Gentry,46
Gentry,46
Gentry,46
Gentry,46
Gentry,46
Gentry,47
Gentry,47
Gentry,47
Gentry,47
Gentry,47
Gentry,47
Gentry,47
Gentry,47
Gentry,47
Gentry,47
Gentry,47
Gentry,47
Gentry,47
Gentry,47
Gentry,47
Gentry,47
Gentry,47
Gentry,47
Gentry,47
Gentry,47
Gentry,47
Gentry,47
Gentry,47
Gentry,47
Gentry,47
Gentry,47
Gentry,47
Gentry,47
Gentry,47
Gentry,47
Gentry,47
Gentry,47
Gentry,47
Gentry,47
Gentry,48
Gentry,48
Gentry,48
Gentry,48
Gentry,48
Gentry,48
Gentry,48
Gentry,48
Gentry,48
Gentry,48
Gentry,48
Gentry,48
Gentry,48
Gentry,48
Gentry,48
Gentry,48
Gentry,48
Gentry,48
Gentry,48
Gentry,48
Gentry,48
Gentry,48
Gentry,48
Gentry,48
Gentry,48
Gentry,48
Gentry,48
Gentry,48
Gentry,49
Gentry,49
Gentry,49
Gentry,49
Gentry,49
Gentry,49
Gentry,49
Gentry,49
Gentry,49
Gentry,49
Gentry,49
Gentry,49
Gentry,49
Gentry,49
Gentry,49
Gentry,49
Gentry,49
Gentry,49
Gentry,49
Gentry,49
Gentry,49
Gentry,49
Gentry,49
Gentry,49
Gentry,49
Gentry,49
Gentry,49
Gentry,49
Gentry,49
Gentry,49
Gentry,49
Gentry,49
Gentry,49
Gentry,49
Gentry,49
Gentry,49
Gentry,49
Gentry,49
Gentry,49
Gentry,49
Gentry,49
Gentry,50
Gentry,50
Gentry,50
Gentry,50
Gentry,50
Gentry,50
Gentry,50
Gentry,50
Gentry,50
Gentry,50
Gentry,50
Gentry,50
Gentry,50
Gentry,50
Gentry,50
Gentry,50
Gentry,50
Gentry,50
Gentry,50
Gentry,50
Gentry,50
Gentry,50
Gentry,50
Gentry,50
Gentry,50
Gentry,50
Gentry,50
Gentry,50
Gentry,50
Gentry,50
Gentry,50
Gentry,50
Gentry,50
Gentry,51
Gentry,51
Gentry,51
Gentry,51
Gentry,51
Gentry,51
Gentry,51
Gentry,51
Gentry,51
Gentry,51
Gentry,51
Gentry,51
Gentry,51
Gentry,51
Gentry,51
Gentry,51
Gentry,51
Gentry,51
Gentry,51
Gentry,51
Gentry,51
Gentry,51
Gentry,51
Gentry,51
Gentry,51
Gentry,52
Gentry,52
Gentry,52
Gentry,52
Gentry,52
Gentry,52
Gentry,52
Gentry,52
Gentry,52
Gentry,52
Gentry,52
Gentry,52
Gentry,52
Gentry,52
Gentry,52
Gentry,52
Gentry,52
Gentry,52
Gentry,52
Gentry,52
Gentry,52
Gentry,52
Gentry,52
Gentry,52
Gentry,52
Gentry,52
Gentry,52
Gentry,52
Gentry,52
Gentry,52
Gentry,52
Gentry,52
Gentry,52
Gentry,52
Gentry,52
Gentry,52
Gentry,52
Gentry,52
Gentry,52
Gentry,52
Gentry,52
Gentry,52
Gentry,52
Gentry,52
Gentry,52
Gentry,52
Gentry,52
Gentry,52
Gentry,53
Gentry,53
Gentry,53
Gentry,53
Gentry,53
Gentry,53
Gentry,53
Gentry,53
Gentry,53
Gentry,53
Gentry,53
Gentry,53
Gentry,53
Gentry,53
Gentry,53
Gentry,53
Gentry,53
Gentry,53
Gentry,53
Gentry,53
Gentry,53
Gentry,53
Gentry,53
Gentry,53
Gentry,53
Gentry,53
Gentry,53
Gentry,53
Gentry,53
Gentry,53
Gentry,53
Gentry,53
Gentry,53
Gentry,53
Gentry,53
Gentry,53
Gentry,53
Gentry,54
Gentry,54
Gentry,54
Gentry,54
Gentry,54
Gentry,54
Gentry,54
Gentry,54
Gentry,54
Gentry,54
Gentry,54
Gentry,54
Gentry,54
Gentry,54
Gentry,54
Gentry,54
Gentry,54
Gentry,54
Gentry,54
Gentry,54
Gentry,54
Gentry,54
Gentry,54
Gentry,54
Gentry,54
Gentry,54
Gentry,54
Gentry,54
Gentry,54
Gentry,54
Gentry,54
Gentry,54
Gentry,54
Gentry,54
Gentry,54
Gentry,54
Gentry,54
Gentry,54
Gentry,54
Gentry,54
Gentry,54
Gentry,54
Gentry,54
Gentry,54
Gentry,54
Gentry,54
Gentry,54
Gentry,54
Gentry,54
Gentry,54
Gentry,54
Gentry,54
Gentry,54
Gentry,55
Gentry,55
Gentry,55
Gentry,55
Gentry,55
Gentry,55
Gentry,55
Gentry,55
Gentry,55
Gentry,55
Gentry,55
Gentry,55
Gentry,55
Gentry,55
Gentry,55
Gentry,55
Gentry,55
Gentry,55
Gentry,55
Gentry,55
Gentry,55
Gentry,55
Gentry,55
Gentry,55
Gentry,55
Gentry,55
Gentry,55
Gentry,55
Gentry,55
Gentry,55
Gentry,55
Gentry,55
Gentry,55
Gentry,55
Gentry,55
Gentry,56
Gentry,56
Gentry,56
Gentry,56
Gentry,56
Gentry,56
Gentry,56
Gentry,56
Gentry,56
Gentry,56
Gentry,56
Gentry,56
Gentry,56
Gentry,56
Gentry,56
Gentry,56
Gentry,56
Gentry,56
Gentry,56
Gentry,56
Gentry,56
Gentry,56
Gentry,56
Gentry,56
Gentry,56
Gentry,56
Gentry,56
Gentry,56
Gentry,56
Gentry,56
Gentry,56
Gentry,56
Gentry,56
Gentry,56
Gentry,56
Gentry,56
Gentry,56
Gentry,56
Gentry,56
Gentry,56
Gentry,56
Gentry,56
Gentry,56
Gentry,56
Gentry,56
Gentry,56
Gentry,56
Gentry,56
Gentry,56
Gentry,57
Gentry,57
Gentry,57
Gentry,57
Gentry,57
Gentry,57
Gentry,57
Gentry,57
Gentry,57
Gentry,57
Gentry,57
Gentry,57
Gentry,57
Gentry,57
Gentry,57
Gentry,57
Gentry,57
Gentry,57
Gentry,57
Gentry,57
Gentry,57
Gentry,57
Gentry,57
Gentry,57
Gentry,57
Gentry,57
Gentry,57
Gentry,57
Gentry,57
Gentry,57
Gentry,57
Gentry,57
Gentry,57
Gentry,57
Gentry,57
Gentry,57
Gentry,57
Gentry,57
Gentry,57
Gentry,57
Gentry,57
Gentry,57
Gentry,57
Gentry,57
Gentry,57
Gentry,57
Gentry,57
Gentry,57
Gentry,57
Gentry,57
Gentry,58
Gentry,58
Gentry,58
Gentry,58
Gentry,58
Gentry,58
Gentry,58
Gentry,58
Gentry,58
Gentry,58
Gentry,58
Gentry,58
Gentry,58
Gentry,58
Gentry,58
Gentry,58
Gentry,58
Gentry,58
Gentry,58
Gentry,58
Gentry,58
Gentry,58
Gentry,58
Gentry,58
Gentry,58
Gentry,58
Gentry,58
Gentry,58
Gentry,58
Gentry,58
Gentry,58
Gentry,58
Gentry,58
Gentry,58
Gentry,58
Gentry,58
Gentry,58
Gentry,58
Gentry,58
Gentry,58
Gentry,58
Gentry,58
Gentry,58
Gentry,58
Gentry,58
Gentry,58
Gentry,58
Gentry,58
Gentry,58
Gentry,58
Gentry,59
Gentry,59
Gentry,59
Gentry,59
Gentry,59
Gentry,59
Gentry,59
Gentry,59
Gentry,59
Gentry,59
Gentry,59
Gentry,59
Gentry,59
Gentry,59
Gentry,59
Gentry,59
Gentry,59
Gentry,59
Gentry,59
Gentry,59
Gentry,59
Gentry,59
Gentry,59
Gentry,59
Gentry,59
Gentry,59
Gentry,59
Gentry,59
Gentry,59
Gentry,59
Gentry,59
Gentry,59
Gentry,59
Gentry,59
Gentry,59
Gentry,59
Gentry,59
Gentry,59
Gentry,59
Gentry,60
Gentry,60
Gentry,60
Gentry,60
Gentry,60
Gentry,60
Gentry,60
Gentry,60
Gentry,60
Gentry,60
Gentry,60
Gentry,60
Gentry,60
Gentry,60
Gentry,60
Gentry,60
Gentry,60
Gentry,60
Gentry,60
Gentry,60
Gentry,60
Gentry,60
Gentry,60
Gentry,60
Gentry,60
Gentry,60
Gentry,60
Gentry,60
Gentry,60
Gentry,60
Gentry,60
Gentry,60
Gentry,60
Gentry,60
Gentry,60
Gentry,60
Gentry,60
Gentry,60
Gentry,60
Gentry,60
Gentry,60
Gentry,60
Gentry,61
Gentry,61
Gentry,61
Gentry,61
Gentry,61
Gentry,61
Gentry,61
Gentry,61
Gentry,61
Gentry,61
Gentry,61
Gentry,61
Gentry,61
Gentry,61
Gentry,61
Gentry,61
Gentry,61
Gentry,61
Gentry,61
Gentry,61
Gentry,61
Gentry,61
Gentry,61
Gentry,61
Gentry,61
Gentry,61
Gentry,61
Gentry,61
Gentry,61
Gentry,61
Gentry,61
Gentry,61
Gentry,61
Gentry,61
Gentry,61
Gentry,61
Gentry,61
Gentry,61
Gentry,61
Gentry,61
Gentry,61
Gentry,61
Gentry,61
Gentry,61
Gentry,61
Gentry,61
Gentry,62
Gentry,62
Gentry,62
Gentry,62
Gentry,62
Gentry,62
Gentry,62
Gentry,62
Gentry,62
Gentry,62
Gentry,62
Gentry,62
Gentry,62
Gentry,62
Gentry,62
Gentry,62
Gentry,62
Gentry,62
Gentry,62
Gentry,62
Gentry,62
Gentry,62
Gentry,62
Gentry,62
Gentry,62
Gentry,62
Gentry,62
Gentry,62
Gentry,62
Gentry,62
Gentry,62
Gentry,62
Gentry,62
Gentry,62
Gentry,62
Gentry,62
Gentry,62
Gentry,62
Gentry,62
Gentry,62
Gentry,62
Gentry,62
Gentry,62
Gentry,62
Gentry,62
Gentry,62
Gentry,62
Gentry,63
Gentry,63
Gentry,63
Gentry,63
Gentry,63
Gentry,63
Gentry,63
Gentry,63
Gentry,63
Gentry,63
Gentry,63
Gentry,63
Gentry,63
Gentry,63
Gentry,63
Gentry,63
Gentry,63
Gentry,63
Gentry,63
Gentry,63
Gentry,63
Gentry,63
Gentry,63
Gentry,63
Gentry,63
Gentry,63
Gentry,63
Gentry,63
Gentry,63
Gentry,63
Gentry,63
Gentry,63
Gentry,63
Gentry,63
Gentry,63
Gentry,63
Gentry,63
Gentry,63
Gentry,63
Gentry,63
Gentry,63
Gentry,63
Gentry,63
Gentry,63
Gentry,63
Gentry,63
Gentry,63
Gentry,63
Gentry,63
Gentry,63
Gentry,63
Gentry,63
Gentry,63
Gentry,63
Gentry,63
Gentry,63
Gentry,63
Gentry,63
Gentry,63
Gentry,63
Gentry,63
Gentry,63
Gentry,63
Gentry,63
Gentry,63
Gentry,63
Gentry,63
Gentry,63
Gentry,63
Gentry,63
Gentry,63
Gentry,63
Gentry,64
Gentry,64
Gentry,64
Gentry,64
Gentry,64
Gentry,64
Gentry,64
Gentry,64
Gentry,64
Gentry,64
Gentry,64
Gentry,64
Gentry,64
Gentry,64
Gentry,64
Gentry,64
Gentry,64
Gentry,64
Gentry,64
Gentry,64
Gentry,64
Gentry,64
Gentry,64
Gentry,64
Gentry,64
Gentry,64
Gentry,64
Gentry,64
Gentry,64
Gentry,64
Gentry,64
Gentry,64
Gentry,64
Gentry,64
Gentry,64
Gentry,64
Gentry,64
Gentry,64
Gentry,64
Gentry,64
Gentry,64
Gentry,64
Gentry,64
Gentry,64
Gentry,64
Gentry,64
Gentry,64
Gentry,64
Gentry,64
Gentry,64
Gentry,64
Gentry,65
Gentry,65
Gentry,65
Gentry,65
Gentry,65
Gentry,65
Gentry,65
Gentry,65
Gentry,65
Gentry,65
Gentry,65
Gentry,65
Gentry,65
Gentry,65
Gentry,65
Gentry,65
Gentry,65
Gentry,65
Gentry,65
Gentry,65
Gentry,65
Gentry,65
Gentry,65
Gentry,65
Gentry,65
Gentry,65
Gentry,65
Gentry,65
Gentry,65
Gentry,65
Gentry,65
Gentry,65
Gentry,65
Gentry,65
Gentry,65
Gentry,65
Gentry,65
Gentry,65
Gentry,65
Gentry,65
Gentry,65
Gentry,65
Gentry,65
Gentry,65
Gentry,65
Gentry,65
Gentry,65
Gentry,65
Gentry,65
Gentry,65
Gentry,65
Gentry,65
Gentry,66
Gentry,66
Gentry,66
Gentry,66
Gentry,66
Gentry,66
Gentry,66
Gentry,66
Gentry,66
Gentry,66
Gentry,66
Gentry,66
Gentry,66
Gentry,66
Gentry,66
Gentry,66
Gentry,66
Gentry,66
Gentry,66
Gentry,66
Gentry,66
Gentry,66
Gentry,66
Gentry,66
Gentry,66
Gentry,66
Gentry,66
Gentry,66
Gentry,66
Gentry,66
Gentry,66
Gentry,66
Gentry,66
Gentry,66
Gentry,66
Gentry,66
Gentry,66
Gentry,66
Gentry,66
Gentry,66
Gentry,66
Gentry,66
Gentry,66
Gentry,66
Gentry,66
Gentry,66
Gentry,66
Gentry,66
Gentry,66
Gentry,66
Gentry,66
Gentry,66
Gentry,66
Gentry,66
Gentry,66
Gentry,66
Gentry,66
Gentry,66
Gentry,66
Gentry,66
Gentry,67
Gentry,67
Gentry,67
Gentry,67
Gentry,67
Gentry,67
Gentry,67
Gentry,67
Gentry,67
Gentry,67
Gentry,67
Gentry,67
Gentry,67
Gentry,67
Gentry,67
Gentry,67
Gentry,67
Gentry,67
Gentry,67
Gentry,67
Gentry,67
Gentry,67
Gentry,67
Gentry,67
Gentry,67
Gentry,67
Gentry,67
Gentry,67
Gentry,67
Gentry,67
Gentry,67
Gentry,67
Gentry,67
Gentry,67
Gentry,67
Gentry,67
Gentry,67
Gentry,67
Gentry,67
Gentry,67
Gentry,67
Gentry,67
Gentry,67
Gentry,67
Gentry,67
Gentry,67
Gentry,67
Gentry,67
Gentry,67
Gentry,67
Gentry,67
Gentry,67
Gentry,68
Gentry,68
Gentry,68
Gentry,68
Gentry,68
Gentry,68
Gentry,68
Gentry,68
Gentry,68
Gentry,68
Gentry,68
Gentry,68
Gentry,68
Gentry,68
Gentry,68
Gentry,68
Gentry,68
Gentry,68
Gentry,68
Gentry,68
Gentry,68
Gentry,68
Gentry,68
Gentry,68
Gentry,68
Gentry,68
Gentry,68
Gentry,68
Gentry,68
Gentry,68
Gentry,68
Gentry,68
Gentry,68
Gentry,68
Gentry,68
Gentry,68
Gentry,68
Gentry,68
Gentry,68
Gentry,68
Gentry,68
Gentry,68
Gentry,68
Gentry,68
Gentry,69
Gentry,69
Gentry,69
Gentry,69
Gentry,69
Gentry,69
Gentry,69
Gentry,69
Gentry,69
Gentry,69
Gentry,69
Gentry,69
Gentry,69
Gentry,69
Gentry,69
Gentry,69
Gentry,69
Gentry,69
Gentry,69
Gentry,69
Gentry,69
Gentry,69
Gentry,69
Gentry,69
Gentry,69
Gentry,69
Gentry,69
Gentry,69
Gentry,69
Gentry,69
Gentry,69
Gentry,69
Gentry,69
Gentry,69
Gentry,69
Gentry,69
Gentry,69
Gentry,69
Gentry,69
Gentry,69
Gentry,69
Gentry,69
Gentry,69
Gentry,69
Gentry,69
Gentry,69
Gentry,69
Gentry,69
Gentry,69
Gentry,69
Gentry,70
Gentry,70
Gentry,70
Gentry,70
Gentry,70
Gentry,70
Gentry,70
Gentry,70
Gentry,70
Gentry,70
Gentry,70
Gentry,70
Gentry,70
Gentry,70
Gentry,70
Gentry,70
Gentry,70
Gentry,70
Gentry,70
Gentry,70
Gentry,70
Gentry,70
Gentry,70
Gentry,70
Gentry,70
Gentry,70
Gentry,70
Gentry,70
Gentry,70
Gentry,70
Gentry,70
Gentry,70
Gentry,70
Gentry,70
Gentry,70
Gentry,70
Gentry,70
Gentry,70
Gentry,70
Gentry,70
Gentry,70
Gentry,70
Gentry,70
Gentry,70
Gentry,70
Gentry,70
Gentry,70
Gentry,70
Gentry,70
Gentry,70
Gentry,70
Gentry,70
Gentry,70
Gentry,70
Gentry,70
Gentry,70
Gentry,70
Gentry,70
Gentry,70
Gentry,70
Gentry,70
Gentry,70
Gentry,70
Gentry,70
Gentry,71
Gentry,71
Gentry,71
Gentry,71
Gentry,71
Gentry,71
Gentry,71
Gentry,71
Gentry,71
Gentry,71
Gentry,71
Gentry,71
Gentry,71
Gentry,71
Gentry,71
Gentry,71
Gentry,71
Gentry,71
Gentry,71
Gentry,71
Gentry,71
Gentry,71
Gentry,71
Gentry,71
Gentry,71
Gentry,71
Gentry,71
Gentry,71
Gentry,71
Gentry,71
Gentry,71
Gentry,71
Gentry,71
Gentry,71
Gentry,71
Gentry,71
Gentry,71
Gentry,71
Gentry,71
Gentry,71
Gentry,71
Gentry,71
Gentry,71
Gentry,71
Gentry,71
Gentry,71
Gentry,71
Gentry,71
Gentry,71
Gentry,71
Gentry,71
Gentry,71
Gentry,71
Gentry,71
Gentry,71
Gentry,71
Gentry,71
Gentry,71
Gentry,71
Gentry,71
Gentry,71
Gentry,71
Gentry,72
Gentry,72
Gentry,72
Gentry,72
Gentry,72
Gentry,72
Gentry,72
Gentry,72
Gentry,72
Gentry,72
Gentry,72
Gentry,72
Gentry,72
Gentry,72
Gentry,72
Gentry,72
Gentry,72
Gentry,72
Gentry,72
Gentry,72
Gentry,72
Gentry,72
Gentry,72
Gentry,72
Gentry,72
Gentry,72
Gentry,72
Gentry,72
Gentry,72
Gentry,72
Gentry,72
Gentry,72
Gentry,72
Gentry,72
Gentry,72
Gentry,72
Gentry,72
Gentry,72
Gentry,72
Gentry,72
Gentry,72
Gentry,72
Gentry,72
Gentry,72
Gentry,72
Gentry,72
Gentry,72
Gentry,72
Gentry,72
Gentry,72
Gentry,72
Gentry,72
Gentry,72
Gentry,72
Gentry,72
Gentry,72
Gentry,72
Gentry,72
Gentry,72
Gentry,72
Gentry,72
Gentry,72
Gentry,73
Gentry,73
Gentry,73
Gentry,73
Gentry,73
Gentry,73
Gentry,73
Gentry,73
Gentry,73
Gentry,73
Gentry,73
Gentry,73
Gentry,73
Gentry,73
Gentry,73
Gentry,73
Gentry,73
Gentry,73
Gentry,73
Gentry,73
Gentry,73
Gentry,73
Gentry,73
Gentry,73
Gentry,73
Gentry,73
Gentry,73
Gentry,73
Gentry,73
Gentry,73
Gentry,73
Gentry,73
Gentry,73
Gentry,73
Gentry,73
Gentry,73
Gentry,73
Gentry,73
Gentry,73
Gentry,73
Gentry,73
Gentry,73
Gentry,73
Gentry,73
Gentry,73
Gentry,73
Gentry,73
Gentry,73
Gentry,74
Gentry,74
Gentry,74
Gentry,74
Gentry,74
Gentry,74
Gentry,74
Gentry,74
Gentry,74
Gentry,74
Gentry,74
Gentry,74
Gentry,74
Gentry,74
Gentry,74
Gentry,74
Gentry,74
Gentry,74
Gentry,74
Gentry,74
Gentry,74
Gentry,74
Gentry,74
Gentry,74
Gentry,74
Gentry,74
Gentry,74
Gentry,74
Gentry,74
Gentry,74
Gentry,74
Gentry,74
Gentry,74
Gentry,74
Gentry,74
Gentry,74
Gentry,74
Gentry,74
Gentry,74
Gentry,74
Gentry,74
Gentry,74
Gentry,74
Gentry,74
Gentry,75
Gentry,75
Gentry,75
Gentry,75
Gentry,75
Gentry,75
Gentry,75
Gentry,75
Gentry,75
Gentry,75
Gentry,75
Gentry,75
Gentry,75
Gentry,75
Gentry,75
Gentry,75
Gentry,75
Gentry,75
Gentry,75
Gentry,75
Gentry,75
Gentry,75
Gentry,75
Gentry,75
Gentry,75
Gentry,75
Gentry,75
Gentry,75
Gentry,75
Gentry,75
Gentry,75
Gentry,75
Gentry,75
Gentry,75
Gentry,75
Gentry,75
Gentry,75
Gentry,75
Gentry,75
Gentry,75
Gentry,75
Gentry,75
Gentry,75
Gentry,75
Gentry,76
Gentry,76
Gentry,76
Gentry,76
Gentry,76
Gentry,76
Gentry,76
Gentry,76
Gentry,76
Gentry,76
Gentry,76
Gentry,76
Gentry,76
Gentry,76
Gentry,76
Gentry,76
Gentry,76
Gentry,76
Gentry,76
Gentry,76
Gentry,76
Gentry,76
Gentry,76
Gentry,76
Gentry,76
Gentry,76
Gentry,76
Gentry,76
Gentry,76
Gentry,76
Gentry,76
Gentry,76
Gentry,76
Gentry,76
Gentry,76
Gentry,76
Gentry,76
Gentry,76
Gentry,76
Gentry,76
Gentry,76
Gentry,76
Gentry,76
Gentry,76
Gentry,77
Gentry,77
Gentry,77
Gentry,77
Gentry,77
Gentry,77
Gentry,77
Gentry,77
Gentry,77
Gentry,77
Gentry,77
Gentry,77
Gentry,77
Gentry,77
Gentry,77
Gentry,77
Gentry,77
Gentry,77
Gentry,77
Gentry,77
Gentry,77
Gentry,77
Gentry,77
Gentry,77
Gentry,77
Gentry,77
Gentry,77
Gentry,77
Gentry,77
Gentry,77
Gentry,77
Gentry,77
Gentry,77
Gentry,77
Gentry,77
Gentry,77
Gentry,77
Gentry,77
Gentry,77
Gentry,77
Gentry,77
Gentry,77
Gentry,77
Gentry,77
Gentry,78
Gentry,78
Gentry,78
Gentry,78
Gentry,78
Gentry,78
Gentry,78
Gentry,78
Gentry,78
Gentry,78
Gentry,78
Gentry,78
Gentry,78
Gentry,78
Gentry,78
Gentry,78
Gentry,78
Gentry,78
Gentry,78
Gentry,78
Gentry,78
Gentry,78
Gentry,78
Gentry,78
Gentry,78
Gentry,78
Gentry,78
Gentry,78
Gentry,78
Gentry,78
Gentry,78
Gentry,78
Gentry,78
Gentry,78
Gentry,78
Gentry,79
Gentry,79
Gentry,79
Gentry,79
Gentry,79
Gentry,79
Gentry,79
Gentry,79
Gentry,79
Gentry,79
Gentry,79
Gentry,79
Gentry,79
Gentry,79
Gentry,79
Gentry,79
Gentry,79
Gentry,79
Gentry,79
Gentry,79
Gentry,79
Gentry,79
Gentry,79
Gentry,79
Gentry,79
Gentry,79
Gentry,79
Gentry,79
Gentry,79
Gentry,79
Gentry,79
Gentry,79
Gentry,79
Gentry,79
Gentry,79
Gentry,79
Gentry,79
Gentry,79
Gentry,79
Gentry,79
Gentry,79
Gentry,79
Gentry,79
Gentry,79
Gentry,80
Gentry,80
Gentry,80
Gentry,80
Gentry,80
Gentry,80
Gentry,80
Gentry,80
Gentry,80
Gentry,80
Gentry,80
Gentry,80
Gentry,80
Gentry,80
Gentry,80
Gentry,80
Gentry,80
Gentry,80
Gentry,80
Gentry,80
Gentry,80
Gentry,80
Gentry,80
Gentry,80
Gentry,80
Gentry,80
Gentry,80
Gentry,80
Gentry,80
Gentry,80
Gentry,80
Gentry,81
Gentry,81
Gentry,81
Gentry,81
Gentry,81
Gentry,81
Gentry,81
Gentry,81
Gentry,81
Gentry,81
Gentry,81
Gentry,81
Gentry,81
Gentry,81
Gentry,81
Gentry,81
Gentry,81
Gentry,81
Gentry,81
Gentry,81
Gentry,81
Gentry,81
Gentry,81
Gentry,81
Gentry,82
Gentry,82
Gentry,82
Gentry,82
Gentry,82
Gentry,82
Gentry,82
Gentry,82
Gentry,82
Gentry,82
Gentry,82
Gentry,82
Gentry,82
Gentry,82
Gentry,82
Gentry,82
Gentry,82
Gentry,82
Gentry,82
Gentry,82
Gentry,82
Gentry,82
Gentry,82
Gentry,82
Gentry,82
Gentry,83
Gentry,83
Gentry,83
Gentry,83
Gentry,83
Gentry,83
Gentry,83
Gentry,83
Gentry,83
Gentry,83
Gentry,83
Gentry,83
Gentry,83
Gentry,83
Gentry,83
Gentry,83
Gentry,83
Gentry,83
Gentry,83
Gentry,83
Gentry,83
Gentry,83
Gentry,83
Gentry,84
Gentry,84
Gentry,84
Gentry,84
Gentry,84
Gentry,84
Gentry,84
Gentry,84
Gentry,84
Gentry,84
Gentry,84
Gentry,84
Gentry,84
Gentry,84
Gentry,84
Gentry,84
Gentry,84
Gentry,84
Gentry,84
Gentry,84
Gentry,84
Gentry,84
Gentry,84
Gentry,84
Gentry,84
Gentry,84
Gentry,85
Gentry,85
Gentry,85
Gentry,85
Gentry,85
Gentry,85
Gentry,85
Gentry,85
Gentry,85
Gentry,85
Gentry,85
Gentry,85
Gentry,86
Gentry,86
Gentry,86
Gentry,86
Gentry,86
Gentry,86
Gentry,86
Gentry,86
Gentry,86
Gentry,86
Gentry,86
Gentry,86
Gentry,86
Gentry,86
Gentry,86
Gentry,86
Gentry,86
Gentry,87
Gentry,87
Gentry,87
Gentry,87
Gentry,87
Gentry,87
Gentry,87
Gentry,87
Gentry,87
Gentry,87
Gentry,87
Gentry,87
Gentry,87
Gentry,88
Gentry,88
Gentry,88
Gentry,88
Gentry,88
Gentry,88
Gentry,88
Gentry,88
Gentry,88
Gentry,88
Gentry,88
Gentry,88
Gentry,88
Gentry,88
Gentry,88
Gentry,89
Gentry,89
Gentry,89
Gentry,89
Gentry,89
Gentry,89
Gentry,89
Gentry,89
Gentry,89
Gentry,89
Gentry,90
Gentry,90
Gentry,90
Gentry,90
Gentry,90
Gentry,90
Gentry,90
Gentry,91
Gentry,91
Gentry,91
Gentry,91
Gentry,92
Gentry,92
Gentry,92
Gentry,92
Gentry,92
Gentry,92
Gentry,92
Gentry,93
Gentry,93
Gentry,94
Gentry,95
Gentry,95
Gentry,95
Gentry,95
Gentry,96
Gentry,96
Gentry,96
Gentry,97
Gentry,97
Gentry,99
Gentry,99
Gentry,100
Gentry,100
Gentry,100
Gentry,102
Sovereignty,21
Sovereignty,21
Sovereignty,21
Sovereignty,21
Sovereignty,21
Sovereignty,21
Sovereignty,21
Sovereignty,21
Sovereignty,21
Sovereignty,21
Sovereignty,22
Sovereignty,22
Sovereignty,22
Sovereignty,22
Sovereignty,22
Sovereignty,22
Sovereignty,22
Sovereignty,22
Sovereignty,22
Sovereignty,23
Sovereignty,23
Sovereignty,23
Sovereignty,23
Sovereignty,23
Sovereignty,23
Sovereignty,23
Sovereignty,23
Sovereignty,23
Sovereignty,23
Sovereignty,23
Sovereignty,24
Sovereignty,24
Sovereignty,24
Sovereignty,24
Sovereignty,24
Sovereignty,24
Sovereignty,24
Sovereignty,24
Sovereignty,24
Sovereignty,24
Sovereignty,24
Sovereignty,24
Sovereignty,24
Sovereignty,24
Sovereignty,25
Sovereignty,25
Sovereignty,25
Sovereignty,25
Sovereignty,25
Sovereignty,25
Sovereignty,25
Sovereignty,25
Sovereignty,25
Sovereignty,25
Sovereignty,25
Sovereignty,25
Sovereignty,25
Sovereignty,25
Sovereignty,25
Sovereignty,25
Sovereignty,26
Sovereignty,26
Sovereignty,26
Sovereignty,26
Sovereignty,26
Sovereignty,26
Sovereignty,26
Sovereignty,26
Sovereignty,26
Sovereignty,26
Sovereignty,26
Sovereignty,26
Sovereignty,26
Sovereignty,26
Sovereignty,26
Sovereignty,26
Sovereignty,26
Sovereignty,27
Sovereignty,27
Sovereignty,27
Sovereignty,27
Sovereignty,27
Sovereignty,27
Sovereignty,27
Sovereignty,27
Sovereignty,27
Sovereignty,27
Sovereignty,28
Sovereignty,28
Sovereignty,28
Sovereignty,28
Sovereignty,28
Sovereignty,28
Sovereignty,28
Sovereignty,28
Sovereignty,28
Sovereignty,28
Sovereignty,28
Sovereignty,28
Sovereignty,28
Sovereignty,28
Sovereignty,28
Sovereignty,28
Sovereignty,28
Sovereignty,28
Sovereignty,28
Sovereignty,28
Sovereignty,29
Sovereignty,29
Sovereignty,29
Sovereignty,29
Sovereignty,29
Sovereignty,29
Sovereignty,29
Sovereignty,29
Sovereignty,29
Sovereignty,29
Sovereignty,29
Sovereignty,29
Sovereignty,30
Sovereignty,30
Sovereignty,30
Sovereignty,30
Sovereignty,30
Sovereignty,30
Sovereignty,30
Sovereignty,30
Sovereignty,30
Sovereignty,30
Sovereignty,30
Sovereignty,30
Sovereignty,30
Sovereignty,30
Sovereignty,30
Sovereignty,30
Sovereignty,30
Sovereignty,31
Sovereignty,31
Sovereignty,31
Sovereignty,31
Sovereignty,31
Sovereignty,31
Sovereignty,31
Sovereignty,31
Sovereignty,31
Sovereignty,31
Sovereignty,31
Sovereignty,31
Sovereignty,31
Sovereignty,31
Sovereignty,31
Sovereignty,31
Sovereignty,31
Sovereignty,31
Sovereignty,31
Sovereignty,31
Sovereignty,32
Sovereignty,32
Sovereignty,32
Sovereignty,32
Sovereignty,32
Sovereignty,32
Sovereignty,32
Sovereignty,32
Sovereignty,32
Sovereignty,32
Sovereignty,32
Sovereignty,32
Sovereignty,32
Sovereignty,32
Sovereignty,33
Sovereignty,33
Sovereignty,33
Sovereignty,33
Sovereignty,33
Sovereignty,33
Sovereignty,33
Sovereignty,33
Sovereignty,33
Sovereignty,33
Sovereignty,33
Sovereignty,33
Sovereignty,33
Sovereignty,33
Sovereignty,33
Sovereignty,33
Sovereignty,33
Sovereignty,33
Sovereignty,33
Sovereignty,33
Sovereignty,33
Sovereignty,34
Sovereignty,34
Sovereignty,34
Sovereignty,34
Sovereignty,34
Sovereignty,34
Sovereignty,34
Sovereignty,34
Sovereignty,34
Sovereignty,34
Sovereignty,34
Sovereignty,34
Sovereignty,34
Sovereignty,34
Sovereignty,34
Sovereignty,34
Sovereignty,35
Sovereignty,35
Sovereignty,35
Sovereignty,35
Sovereignty,35
Sovereignty,35
Sovereignty,35
Sovereignty,35
Sovereignty,35
Sovereignty,35
Sovereignty,35
Sovereignty,35
Sovereignty,35
Sovereignty,35
Sovereignty,35
Sovereignty,35
Sovereignty,35
Sovereignty,36
Sovereignty,36
Sovereignty,36
Sovereignty,36
Sovereignty,36
Sovereignty,36
Sovereignty,36
Sovereignty,36
Sovereignty,36
Sovereignty,36
Sovereignty,36
Sovereignty,36
Sovereignty,36
Sovereignty,36
Sovereignty,37
Sovereignty,37
Sovereignty,37
Sovereignty,37
Sovereignty,37
Sovereignty,37
Sovereignty,37
Sovereignty,37
Sovereignty,37
Sovereignty,37
Sovereignty,37
Sovereignty,37
Sovereignty,37
Sovereignty,37
Sovereignty,37
Sovereignty,37
Sovereignty,37
Sovereignty,37
Sovereignty,37
Sovereignty,38
Sovereignty,38
Sovereignty,38
Sovereignty,38
Sovereignty,38
Sovereignty,38
Sovereignty,38
Sovereignty,38
Sovereignty,38
Sovereignty,38
Sovereignty,38
Sovereignty,38
Sovereignty,38
Sovereignty,38
Sovereignty,38
Sovereignty,38
Sovereignty,38
Sovereignty,38
Sovereignty,38
Sovereignty,38
Sovereignty,38
Sovereignty,38
Sovereignty,39
Sovereignty,39
Sovereignty,39
Sovereignty,39
Sovereignty,39
Sovereignty,39
Sovereignty,39
Sovereignty,39
Sovereignty,39
Sovereignty,39
Sovereignty,39
Sovereignty,39
Sovereignty,39
Sovereignty,39
Sovereignty,39
Sovereignty,39
Sovereignty,39
Sovereignty,39
Sovereignty,39
Sovereignty,39
Sovereignty,40
Sovereignty,40
Sovereignty,40
Sovereignty,40
Sovereignty,40
Sovereignty,40
Sovereignty,40
Sovereignty,40
Sovereignty,40
Sovereignty,40
Sovereignty,40
Sovereignty,40
Sovereignty,40
Sovereignty,40
Sovereignty,40
Sovereignty,40
Sovereignty,40
Sovereignty,40
Sovereignty,40
Sovereignty,40
Sovereignty,40
Sovereignty,40
Sovereignty,40
Sovereignty,40
Sovereignty,40
Sovereignty,40
Sovereignty,40
Sovereignty,40
Sovereignty,40
Sovereignty,40
Sovereignty,40
Sovereignty,40
Sovereignty,41
Sovereignty,41
Sovereignty,41
Sovereignty,41
Sovereignty,41
Sovereignty,41
Sovereignty,41
Sovereignty,41
Sovereignty,41
Sovereignty,42
Sovereignty,42
Sovereignty,42
Sovereignty,42
Sovereignty,42
Sovereignty,42
Sovereignty,42
Sovereignty,42
Sovereignty,42
Sovereignty,42
Sovereignty,42
Sovereignty,42
Sovereignty,42
Sovereignty,42
Sovereignty,43
Sovereignty,43
Sovereignty,43
Sovereignty,43
Sovereignty,43
Sovereignty,43
Sovereignty,43
Sovereignty,43
Sovereignty,43
Sovereignty,43
Sovereignty,43
Sovereignty,43
Sovereignty,43
Sovereignty,43
Sovereignty,43
Sovereignty,43
Sovereignty,43
Sovereignty,43
Sovereignty,43
Sovereignty,43
Sovereignty,43
Sovereignty,43
Sovereignty,43
Sovereignty,43
Sovereignty,44
Sovereignty,44
Sovereignty,44
Sovereignty,44
Sovereignty,44
Sovereignty,44
Sovereignty,44
Sovereignty,44
Sovereignty,44
Sovereignty,44
Sovereignty,44
Sovereignty,44
Sovereignty,44
Sovereignty,44
Sovereignty,44
Sovereignty,44
Sovereignty,44
Sovereignty,44
Sovereignty,44
Sovereignty,44
Sovereignty,44
Sovereignty,44
Sovereignty,45
Sovereignty,45
Sovereignty,45
Sovereignty,45
Sovereignty,45
Sovereignty,45
Sovereignty,45
Sovereignty,45
Sovereignty,45
Sovereignty,45
Sovereignty,45
Sovereignty,45
Sovereignty,45
Sovereignty,45
Sovereignty,45
Sovereignty,45
Sovereignty,45
Sovereignty,45
Sovereignty,45
Sovereignty,45
Sovereignty,45
Sovereignty,45
Sovereignty,45
Sovereignty,45
Sovereignty,45
Sovereignty,45
Sovereignty,45
Sovereignty,45
Sovereignty,45
Sovereignty,45
Sovereignty,45
Sovereignty,45
Sovereignty,45
Sovereignty,45
Sovereignty,45
Sovereignty,46
Sovereignty,46
Sovereignty,46
Sovereignty,46
Sovereignty,46
Sovereignty,46
Sovereignty,46
Sovereignty,46
Sovereignty,46
Sovereignty,46
Sovereignty,46
Sovereignty,46
Sovereignty,46
Sovereignty,46
Sovereignty,46
Sovereignty,46
Sovereignty,46
Sovereignty,46
Sovereignty,46
Sovereignty,46
Sovereignty,46
Sovereignty,46
Sovereignty,46
Sovereignty,47
Sovereignty,47
Sovereignty,47
Sovereignty,47
Sovereignty,47
Sovereignty,47
Sovereignty,47
Sovereignty,47
Sovereignty,47
Sovereignty,47
Sovereignty,47
Sovereignty,47
Sovereignty,47
Sovereignty,47
Sovereignty,47
Sovereignty,47
Sovereignty,47
Sovereignty,47
Sovereignty,47
Sovereignty,47
Sovereignty,47
Sovereignty,48
Sovereignty,48
Sovereignty,48
Sovereignty,48
Sovereignty,48
Sovereignty,48
Sovereignty,48
Sovereignty,48
Sovereignty,48
Sovereignty,48
Sovereignty,48
Sovereignty,48
Sovereignty,48
Sovereignty,48
Sovereignty,48
Sovereignty,48
Sovereignty,48
Sovereignty,48
Sovereignty,48
Sovereignty,48
Sovereignty,48
Sovereignty,48
Sovereignty,48
Sovereignty,48
Sovereignty,48
Sovereignty,48
Sovereignty,48
Sovereignty,48
Sovereignty,48
Sovereignty,48
Sovereignty,49
Sovereignty,49
Sovereignty,49
Sovereignty,49
Sovereignty,49
Sovereignty,49
Sovereignty,49
Sovereignty,49
Sovereignty,49
Sovereignty,49
Sovereignty,49
Sovereignty,49
Sovereignty,49
Sovereignty,49
Sovereignty,49
Sovereignty,49
Sovereignty,49
Sovereignty,49
Sovereignty,49
Sovereignty,49
Sovereignty,49
Sovereignty,49
Sovereignty,49
Sovereignty,49
Sovereignty,49
Sovereignty,49
Sovereignty,49
Sovereignty,49
Sovereignty,49
Sovereignty,49
Sovereignty,49
Sovereignty,50
Sovereignty,50
Sovereignty,50
Sovereignty,50
Sovereignty,50
Sovereignty,50
Sovereignty,50
Sovereignty,50
Sovereignty,50
Sovereignty,50
Sovereignty,50
Sovereignty,50
Sovereignty,50
Sovereignty,50
Sovereignty,50
Sovereignty,50
Sovereignty,50
Sovereignty,50
Sovereignty,50
Sovereignty,50
Sovereignty,50
Sovereignty,50
Sovereignty,50
Sovereignty,50
Sovereignty,50
Sovereignty,51
Sovereignty,51
Sovereignty,51
Sovereignty,51
Sovereignty,51
Sovereignty,51
Sovereignty,51
Sovereignty,51
Sovereignty,51
Sovereignty,51
Sovereignty,51
Sovereignty,51
Sovereignty,51
Sovereignty,51
Sovereignty,51
Sovereignty,51
Sovereignty,51
Sovereignty,51
Sovereignty,51
Sovereignty,51
Sovereignty,51
Sovereignty,51
Sovereignty,51
Sovereignty,51
Sovereignty,51
Sovereignty,52
Sovereignty,52
Sovereignty,52
Sovereignty,52
Sovereignty,52
Sovereignty,52
Sovereignty,52
Sovereignty,52
Sovereignty,52
Sovereignty,52
Sovereignty,52
Sovereignty,52
Sovereignty,52
Sovereignty,52
Sovereignty,52
Sovereignty,52
Sovereignty,52
Sovereignty,52
Sovereignty,52
Sovereignty,52
Sovereignty,52
Sovereignty,52
Sovereignty,52
Sovereignty,52
Sovereignty,52
Sovereignty,52
Sovereignty,52
Sovereignty,52
Sovereignty,52
Sovereignty,52
Sovereignty,52
Sovereignty,52
Sovereignty,52
Sovereignty,52
Sovereignty,53
Sovereignty,53
Sovereignty,53
Sovereignty,53
Sovereignty,53
Sovereignty,53
Sovereignty,53
Sovereignty,53
Sovereignty,53
Sovereignty,53
Sovereignty,53
Sovereignty,53
Sovereignty,53
Sovereignty,53
Sovereignty,53
Sovereignty,53
Sovereignty,53
Sovereignty,53
Sovereignty,53
Sovereignty,53
Sovereignty,53
Sovereignty,53
Sovereignty,53
Sovereignty,53
Sovereignty,53
Sovereignty,53
Sovereignty,53
Sovereignty,53
Sovereignty,53
Sovereignty,53
Sovereignty,53
Sovereignty,53
Sovereignty,53
Sovereignty,53
Sovereignty,53
Sovereignty,53
Sovereignty,53
Sovereignty,53
Sovereignty,53
Sovereignty,54
Sovereignty,54
Sovereignty,54
Sovereignty,54
Sovereignty,54
Sovereignty,54
Sovereignty,54
Sovereignty,54
Sovereignty,54
Sovereignty,54
Sovereignty,54
Sovereignty,54
Sovereignty,54
Sovereignty,54
Sovereignty,54
Sovereignty,54
Sovereignty,54
Sovereignty,54
Sovereignty,54
Sovereignty,55
Sovereignty,55
Sovereignty,55
Sovereignty,55
Sovereignty,55
Sovereignty,55
Sovereignty,55
Sovereignty,55
Sovereignty,55
Sovereignty,55
Sovereignty,55
Sovereignty,55
Sovereignty,55
Sovereignty,55
Sovereignty,55
Sovereignty,55
Sovereignty,55
Sovereignty,55
Sovereignty,55
Sovereignty,55
Sovereignty,55
Sovereignty,55
Sovereignty,55
Sovereignty,55
Sovereignty,55
Sovereignty,55
Sovereignty,55
Sovereignty,55
Sovereignty,55
Sovereignty,55
Sovereignty,55
Sovereignty,55
Sovereignty,56
Sovereignty,56
Sovereignty,56
Sovereignty,56
Sovereignty,56
Sovereignty,56
Sovereignty,56
Sovereignty,56
Sovereignty,56
Sovereignty,56
Sovereignty,56
Sovereignty,56
Sovereignty,56
Sovereignty,56
Sovereignty,56
Sovereignty,56
Sovereignty,56
Sovereignty,56
Sovereignty,56
Sovereignty,56
Sovereignty,56
Sovereignty,56
Sovereignty,56
Sovereignty,56
Sovereignty,56
Sovereignty,56
Sovereignty,56
Sovereignty,56
Sovereignty,56
Sovereignty,56
Sovereignty,56
Sovereignty,56
Sovereignty,56
Sovereignty,56
Sovereignty,56
Sovereignty,56
Sovereignty,56
Sovereignty,56
Sovereignty,56
Sovereignty,56
Sovereignty,56
Sovereignty,56
Sovereignty,56
Sovereignty,57
Sovereignty,57
Sovereignty,57
Sovereignty,57
Sovereignty,57
Sovereignty,57
Sovereignty,57
Sovereignty,57
Sovereignty,57
Sovereignty,57
Sovereignty,57
Sovereignty,57
Sovereignty,57
Sovereignty,57
Sovereignty,57
Sovereignty,57
Sovereignty,57
Sovereignty,57
Sovereignty,57
Sovereignty,57
Sovereignty,57
Sovereignty,57
Sovereignty,57
Sovereignty,57
Sovereignty,57
Sovereignty,57
Sovereignty,57
Sovereignty,57
Sovereignty,58
Sovereignty,58
Sovereignty,58
Sovereignty,58
Sovereignty,58
Sovereignty,58
Sovereignty,58
Sovereignty,58
Sovereignty,58
Sovereignty,58
Sovereignty,58
Sovereignty,58
Sovereignty,58
Sovereignty,58
Sovereignty,58
Sovereignty,58
Sovereignty,58
Sovereignty,58
Sovereignty,58
Sovereignty,58
Sovereignty,58
Sovereignty,58
Sovereignty,58
Sovereignty,58
Sovereignty,58
Sovereignty,58
Sovereignty,58
Sovereignty,58
Sovereignty,58
Sovereignty,58
Sovereignty,58
Sovereignty,58
Sovereignty,58
Sovereignty,59
Sovereignty,59
Sovereignty,59
Sovereignty,59
Sovereignty,59
Sovereignty,59
Sovereignty,59
Sovereignty,59
Sovereignty,59
Sovereignty,59
Sovereignty,59
Sovereignty,59
Sovereignty,59
Sovereignty,59
Sovereignty,59
Sovereignty,59
Sovereignty,59
Sovereignty,59
Sovereignty,59
Sovereignty,59
Sovereignty,59
Sovereignty,59
Sovereignty,59
Sovereignty,59
Sovereignty,59
Sovereignty,59
Sovereignty,59
Sovereignty,59
Sovereignty,59
Sovereignty,59
Sovereignty,59
Sovereignty,60
Sovereignty,60
Sovereignty,60
Sovereignty,60
Sovereignty,60
Sovereignty,60
Sovereignty,60
Sovereignty,60
Sovereignty,60
Sovereignty,60
Sovereignty,60
Sovereignty,60
Sovereignty,60
Sovereignty,60
Sovereignty,60
Sovereignty,60
Sovereignty,60
Sovereignty,60
Sovereignty,60
Sovereignty,60
Sovereignty,60
Sovereignty,60
Sovereignty,60
Sovereignty,60
Sovereignty,60
Sovereignty,60
Sovereignty,60
Sovereignty,60
Sovereignty,60
Sovereignty,60
Sovereignty,60
Sovereignty,60
Sovereignty,60
Sovereignty,60
Sovereignty,60
Sovereignty,60
Sovereignty,60
Sovereignty,60
Sovereignty,60
Sovereignty,60
Sovereignty,60
Sovereignty,60
Sovereignty,60
Sovereignty,60
Sovereignty,60
Sovereignty,60
Sovereignty,60
Sovereignty,60
Sovereignty,60
Sovereignty,60
Sovereignty,60
Sovereignty,60
Sovereignty,60
Sovereignty,60
Sovereignty,61
Sovereignty,61
Sovereignty,61
Sovereignty,61
Sovereignty,61
Sovereignty,61
Sovereignty,61
Sovereignty,61
Sovereignty,61
Sovereignty,61
Sovereignty,61
Sovereignty,61
Sovereignty,61
Sovereignty,61
Sovereignty,61
Sovereignty,61
Sovereignty,61
Sovereignty,61
Sovereignty,61
Sovereignty,61
Sovereignty,61
Sovereignty,61
Sovereignty,61
Sovereignty,61
Sovereignty,61
Sovereignty,61
Sovereignty,61
Sovereignty,61
Sovereignty,61
Sovereignty,61
Sovereignty,62
Sovereignty,62
Sovereignty,62
Sovereignty,62
Sovereignty,62
Sovereignty,62
Sovereignty,62
Sovereignty,62
Sovereignty,62
Sovereignty,62
Sovereignty,62
Sovereignty,62
Sovereignty,62
Sovereignty,62
Sovereignty,62
Sovereignty,62
Sovereignty,62
Sovereignty,62
Sovereignty,62
Sovereignty,62
Sovereignty,62
Sovereignty,62
Sovereignty,62
Sovereignty,62
Sovereignty,62
Sovereignty,62
Sovereignty,62
Sovereignty,62
Sovereignty,62
Sovereignty,62
Sovereignty,62
Sovereignty,62
Sovereignty,62
Sovereignty,63
Sovereignty,63
Sovereignty,63
Sovereignty,63
Sovereignty,63
Sovereignty,63
Sovereignty,63
Sovereignty,63
Sovereignty,63
Sovereignty,63
Sovereignty,63
Sovereignty,63
Sovereignty,63
Sovereignty,63
Sovereignty,63
Sovereignty,63
Sovereignty,63
Sovereignty,63
Sovereignty,63
Sovereignty,63
Sovereignty,63
Sovereignty,63
Sovereignty,63
Sovereignty,63
Sovereignty,63
Sovereignty,63
Sovereignty,63
Sovereignty,63
Sovereignty,63
Sovereignty,63
Sovereignty,63
Sovereignty,63
Sovereignty,63
Sovereignty,64
Sovereignty,64
Sovereignty,64
Sovereignty,64
Sovereignty,64
Sovereignty,64
Sovereignty,64
Sovereignty,64
Sovereignty,64
Sovereignty,64
Sovereignty,64
Sovereignty,64
Sovereignty,64
Sovereignty,64
Sovereignty,64
Sovereignty,64
Sovereignty,64
Sovereignty,64
Sovereignty,64
Sovereignty,64
Sovereignty,64
Sovereignty,64
Sovereignty,64
Sovereignty,64
Sovereignty,64
Sovereignty,64
Sovereignty,64
Sovereignty,64
Sovereignty,64
Sovereignty,64
Sovereignty,64
Sovereignty,64
Sovereignty,65
Sovereignty,65
Sovereignty,65
Sovereignty,65
Sovereignty,65
Sovereignty,65
Sovereignty,65
Sovereignty,65
Sovereignty,65
Sovereignty,65
Sovereignty,65
Sovereignty,65
Sovereignty,65
Sovereignty,65
Sovereignty,65
Sovereignty,65
Sovereignty,65
Sovereignty,65
Sovereignty,65
Sovereignty,65
Sovereignty,65
Sovereignty,65
Sovereignty,65
Sovereignty,65
Sovereignty,65
Sovereignty,65
Sovereignty,65
Sovereignty,65
Sovereignty,65
Sovereignty,65
Sovereignty,65
Sovereignty,65
Sovereignty,65
Sovereignty,65
Sovereignty,66
Sovereignty,66
Sovereignty,66
Sovereignty,66
Sovereignty,66
Sovereignty,66
Sovereignty,66
Sovereignty,66
Sovereignty,66
Sovereignty,66
Sovereignty,66
Sovereignty,66
Sovereignty,66
Sovereignty,66
Sovereignty,66
Sovereignty,66
Sovereignty,66
Sovereignty,66
Sovereignty,66
Sovereignty,66
Sovereignty,66
Sovereignty,66
Sovereignty,66
Sovereignty,66
Sovereignty,66
Sovereignty,66
Sovereignty,66
Sovereignty,66
Sovereignty,66
Sovereignty,66
Sovereignty,66
Sovereignty,66
Sovereignty,66
Sovereignty,66
Sovereignty,66
Sovereignty,66
Sovereignty,66
Sovereignty,66
Sovereignty,66
Sovereignty,66
Sovereignty,66
Sovereignty,67
Sovereignty,67
Sovereignty,67
Sovereignty,67
Sovereignty,67
Sovereignty,67
Sovereignty,67
Sovereignty,67
Sovereignty,67
Sovereignty,67
Sovereignty,67
Sovereignty,67
Sovereignty,67
Sovereignty,67
Sovereignty,67
Sovereignty,67
Sovereignty,67
Sovereignty,67
Sovereignty,67
Sovereignty,67
Sovereignty,67
Sovereignty,67
Sovereignty,68
Sovereignty,68
Sovereignty,68
Sovereignty,68
Sovereignty,68
Sovereignty,68
Sovereignty,68
Sovereignty,68
Sovereignty,68
Sovereignty,68
Sovereignty,68
Sovereignty,68
Sovereignty,68
Sovereignty,68
Sovereignty,68
Sovereignty,68
Sovereignty,68
Sovereignty,68
Sovereignty,68
Sovereignty,68
Sovereignty,68
Sovereignty,68
Sovereignty,68
Sovereignty,68
Sovereignty,68
Sovereignty,68
Sovereignty,69
Sovereignty,69
Sovereignty,69
Sovereignty,69
Sovereignty,69
Sovereignty,69
Sovereignty,69
Sovereignty,69
Sovereignty,69
Sovereignty,69
Sovereignty,69
Sovereignty,69
Sovereignty,69
Sovereignty,69
Sovereignty,69
Sovereignty,69
Sovereignty,69
Sovereignty,69
Sovereignty,69
Sovereignty,69
Sovereignty,69
Sovereignty,69
Sovereignty,69
Sovereignty,69
Sovereignty,69
Sovereignty,69
Sovereignty,69
Sovereignty,69
Sovereignty,69
Sovereignty,70
Sovereignty,70
Sovereignty,70
Sovereignty,70
Sovereignty,70
Sovereignty,70
Sovereignty,70
Sovereignty,70
Sovereignty,70
Sovereignty,70
Sovereignty,70
Sovereignty,70
Sovereignty,70
Sovereignty,70
Sovereignty,70
Sovereignty,70
Sovereignty,70
Sovereignty,70
Sovereignty,70
Sovereignty,70
Sovereignty,70
Sovereignty,70
Sovereignty,70
Sovereignty,70
Sovereignty,70
Sovereignty,70
Sovereignty,70
Sovereignty,70
Sovereignty,70
Sovereignty,70
Sovereignty,70
Sovereignty,70
Sovereignty,70
Sovereignty,71
Sovereignty,71
Sovereignty,71
Sovereignty,71
Sovereignty,71
Sovereignty,71
Sovereignty,71
Sovereignty,71
Sovereignty,71
Sovereignty,71
Sovereignty,71
Sovereignty,71
Sovereignty,71
Sovereignty,71
Sovereignty,71
Sovereignty,71
Sovereignty,71
Sovereignty,71
Sovereignty,71
Sovereignty,71
Sovereignty,71
Sovereignty,71
Sovereignty,72
Sovereignty,72
Sovereignty,72
Sovereignty,72
Sovereignty,72
Sovereignty,72
Sovereignty,72
Sovereignty,72
Sovereignty,72
Sovereignty,72
Sovereignty,72
Sovereignty,72
Sovereignty,72
Sovereignty,72
Sovereignty,72
Sovereignty,72
Sovereignty,72
Sovereignty,72
Sovereignty,73
Sovereignty,73
Sovereignty,73
Sovereignty,73
Sovereignty,73
Sovereignty,73
Sovereignty,73
Sovereignty,73
Sovereignty,73
Sovereignty,73
Sovereignty,73
Sovereignty,73
Sovereignty,73
Sovereignty,73
Sovereignty,73
Sovereignty,73
Sovereignty,73
Sovereignty,73
Sovereignty,73
Sovereignty,74
Sovereignty,74
Sovereignty,74
Sovereignty,74
Sovereignty,74
Sovereignty,74
Sovereignty,74
Sovereignty,74
Sovereignty,74
Sovereignty,74
Sovereignty,74
Sovereignty,74
Sovereignty,74
Sovereignty,74
Sovereignty,74
Sovereignty,74
Sovereignty,74
Sovereignty,74
Sovereignty,74
Sovereignty,75
Sovereignty,75
Sovereignty,75
Sovereignty,75
Sovereignty,75
Sovereignty,75
Sovereignty,75
Sovereignty,75
Sovereignty,75
Sovereignty,75
Sovereignty,75
Sovereignty,75
Sovereignty,76
Sovereignty,76
Sovereignty,76
Sovereignty,76
Sovereignty,76
Sovereignty,76
Sovereignty,76
Sovereignty,76
Sovereignty,76
Sovereignty,76
Sovereignty,76
Sovereignty,76
Sovereignty,76
Sovereignty,76
Sovereignty,76
Sovereignty,76
Sovereignty,76
Sovereignty,76
Sovereignty,76
Sovereignty,77
Sovereignty,77
Sovereignty,77
Sovereignty,77
Sovereignty,77
Sovereignty,77
Sovereignty,77
Sovereignty,77
Sovereignty,77
Sovereignty,77
Sovereignty,77
Sovereignty,77
Sovereignty,77
Sovereignty,77
Sovereignty,77
Sovereignty,78
Sovereignty,78
Sovereignty,78
Sovereignty,78
Sovereignty,78
Sovereignty,78
Sovereignty,78
Sovereignty,78
Sovereignty,78
Sovereignty,78
Sovereignty,78
Sovereignty,78
Sovereignty,78
Sovereignty,78
Sovereignty,78
Sovereignty,78
Sovereignty,78
Sovereignty,79
Sovereignty,79
Sovereignty,79
Sovereignty,79
Sovereignty,79
Sovereignty,80
Sovereignty,80
Sovereignty,80
Sovereignty,80
Sovereignty,80
Sovereignty,80
Sovereignty,80
Sovereignty,80
Sovereignty,80
Sovereignty,80
Sovereignty,80
Sovereignty,80
Sovereignty,80
Sovereignty,80
Sovereignty,80
Sovereignty,80
Sovereignty,80
Sovereignty,80
Sovereignty,80
Sovereignty,80
Sovereignty,80
Sovereignty,80
Sovereignty,80
Sovereignty,80
Sovereignty,80
Sovereignty,80
Sovereignty,81
Sovereignty,81
Sovereignty,81
Sovereignty,81
Sovereignty,81
Sovereignty,81
Sovereignty,82
Sovereignty,82
Sovereignty,82
Sovereignty,82
Sovereignty,82
Sovereignty,82
Sovereignty,82
Sovereignty,82
Sovereignty,82
Sovereignty,82
Sovereignty,83
Sovereignty,83
Sovereignty,83
Sovereignty,83
Sovereignty,83
Sovereignty,84
Sovereignty,84
Sovereignty,84
Sovereignty,84
Sovereignty,84
Sovereignty,84
Sovereignty,84
Sovereignty,84
Sovereignty,85
Sovereignty,86
Sovereignty,86
Sovereignty,86
Sovereignty,86
Sovereignty,87
Sovereignty,87
Sovereignty,87
Sovereignty,88
Sovereignty,88
Sovereignty,89
Sovereignty,90
Sovereignty,90
Sovereignty,90
Sovereignty,90
Sovereignty,92
Sovereignty,92
Sovereignty,93
Sovereignty,95
Sovereignty,95
Sovereignty,97
Sovereignty,100
Sovereignty,101
